stage,run_id,dataset,scene,n_views,init,split,downscale,background,depth_model,depth_align,sigma_rel,noise_corr_px,scale,shift,scale_jitter,shift_jitter,depth_kind,depth_lambda,iterations,sh_degree,seed,depth_sigma_rel,depth_noise_corr_px,depth_scale,depth_shift,depth_scale_jitter,depth_shift_jitter,depth_used,init_init,init_n_init_points,train_ids,eval_ids,n_train_views,n_eval_views,train_seconds,psnr_curve,scene_scale,n_gaussians,means_lr_final,psnr,ssim,lpips,unaligned_mae,unaligned_rmse,unaligned_absrel,unaligned_delta1,aligned_mae,aligned_rmse,aligned_absrel,aligned_delta1,chamfer_acc,chamfer_comp,chamfer,floater_frac,floater_count,n_opaque,wall_seconds,n_opacity_resets,prior_absrel,prior_mae,prior_rmse,prior_aligned_absrel,prior_coverage,init_sfm_n_points,depth_aligned_scale,depth_aligned_shift,depth_cache_hits,depth_cache_misses,depth_align_points,depth_align_points_min,n_eval_points
stage0_repro,chair__init-random__n_views-8__depth_lambda-0p0__densify_until-1p0__iterations-6000__means_lr_steps-30000__sh_degree-3__split-dietnerf,blender,chair,8,random,dietnerf,2,white,gt,gt,0.0,0.0,1.0,0.0,0.0,0.0,ssi,0.0,6000,3,0,0.0,0.0,1.0,0.0,0.0,0.0,False,random,100000,"[2, 16, 26, 55, 73, 76, 86, 93]","[0, 8, 16, 24, 32, 40, 48, 56, 64, 72, 80, 88, 96, 104, 112, 120, 128, 136, 144, 152, 160, 168, 176, 184, 192]",8,25,80.96919679641724,"[[500, 25.22080637048118], [1000, 27.141879856209048], [1500, 28.201680816759016], [2000, 28.457253723897004], [2500, 28.721419747741503], [3000, 28.791508399200215], [3500, 29.1363885007288], [4000, 29.213709470587016], [4500, 29.1693315968039], [5000, 29.18052902160946], [5500, 29.172659680143113], [6000, 29.193482861843624]]",5.068507428277869,110907,0.00032284946419211205,26.270929136285023,0.925638222694397,0.06659298233687877,0.05077255634092801,0.14782616352223865,0.013364860281340638,0.9974446129735776,0.07045319086982288,0.12236017784768728,0.01849483177208385,0.9975790371121661,0.02220401980452808,0.006853295193612977,0.014528657499070528,0.1047080693501271,2760,26359,93.60037875175476,2,,,,,,,,,,,,,
stage0_repro,drums__init-random__n_views-8__depth_lambda-0p0__densify_until-1p0__iterations-6000__means_lr_steps-30000__sh_degree-3__split-dietnerf,blender,drums,8,random,dietnerf,2,white,gt,gt,0.0,0.0,1.0,0.0,0.0,0.0,ssi,0.0,6000,3,0,0.0,0.0,1.0,0.0,0.0,0.0,False,random,100000,"[2, 16, 26, 55, 73, 76, 86, 93]","[0, 8, 16, 24, 32, 40, 48, 56, 64, 72, 80, 88, 96, 104, 112, 120, 128, 136, 144, 152, 160, 168, 176, 184, 192]",8,25,85.3019745349884,"[[500, 18.730088062365688], [1000, 19.740824044447425], [1500, 19.037899936316418], [2000, 18.64028882134165], [2500, 18.372872073253227], [3000, 18.136976070303888], [3500, 18.575495208326238], [4000, 18.347120310935267], [4500, 18.22808245483764], [5000, 18.091949004427576], [5500, 18.047166590456683], [6000, 17.95770920962338]]",4.706763126976154,172625,0.00029980738415130384,17.211751697897824,0.803621792793274,0.193684863448143,,,,,,,,,,,,,,,92.25606656074524,2,,,,,,,,,,,,,
stage0_repro,ficus__init-random__n_views-8__depth_lambda-0p0__densify_until-1p0__iterations-6000__means_lr_steps-30000__sh_degree-3__split-dietnerf,blender,ficus,8,random,dietnerf,2,white,gt,gt,0.0,0.0,1.0,0.0,0.0,0.0,ssi,0.0,6000,3,0,0.0,0.0,1.0,0.0,0.0,0.0,False,random,100000,"[2, 16, 26, 55, 73, 76, 86, 93]","[0, 8, 16, 24, 32, 40, 48, 56, 64, 72, 80, 88, 96, 104, 112, 120, 128, 136, 144, 152, 160, 168, 176, 184, 192]",8,25,80.34895610809326,"[[500, 22.154971269168726], [1000, 22.40184251665365], [1500, 22.49960639291015], [2000, 22.435171634677694], [2500, 22.32450522437814], [3000, 22.199734132806306], [3500, 22.288035091981577], [4000, 22.200666745543213], [4500, 22.14410110630997], [5000, 22.099982477620078], [5500, 22.080102906338944], [6000, 22.058788039872233]]",4.795015165739007,103099,0.0003054287872628974,23.864879863372394,0.9254064798355103,0.06472863622009754,,,,,,,,,,,,,,,87.1912944316864,2,,,,,,,,,,,,,
stage0_repro,hotdog__init-random__n_views-8__depth_lambda-0p0__densify_until-1p0__iterations-6000__means_lr_steps-30000__sh_degree-3__split-dietnerf,blender,hotdog,8,random,dietnerf,2,white,gt,gt,0.0,0.0,1.0,0.0,0.0,0.0,ssi,0.0,6000,3,0,0.0,0.0,1.0,0.0,0.0,0.0,False,random,100000,"[2, 16, 26, 55, 73, 76, 86, 93]","[0, 8, 16, 24, 32, 40, 48, 56, 64, 72, 80, 88, 96, 104, 112, 120, 128, 136, 144, 152, 160, 168, 176, 184, 192]",8,25,82.35046482086182,"[[500, 23.75409318550413], [1000, 28.67515038992822], [1500, 29.355213167807303], [2000, 29.557023172011462], [2500, 29.639782155097393], [3000, 29.89682726684578], [3500, 29.834785174122374], [4000, 29.89361066375467], [4500, 30.00838052770869], [5000, 29.942337219147497], [5500, 29.948861698903695], [6000, 29.931807256259763]]",4.853493480888102,77332,0.0003091536891161349,22.42897137002521,0.9074371337890625,0.14090827390551566,,,,,,,,,,,,,,,89.41870141029358,2,,,,,,,,,,,,,
stage0_repro,lego__init-random__n_views-8__depth_lambda-0p0__densify_until-1p0__iterations-6000__means_lr_steps-30000__sh_degree-3__split-dietnerf,blender,lego,8,random,dietnerf,2,white,gt,gt,0.0,0.0,1.0,0.0,0.0,0.0,ssi,0.0,6000,3,0,0.0,0.0,1.0,0.0,0.0,0.0,False,random,100000,"[2, 16, 26, 55, 73, 76, 86, 93]","[0, 8, 16, 24, 32, 40, 48, 56, 64, 72, 80, 88, 96, 104, 112, 120, 128, 136, 144, 152, 160, 168, 176, 184, 192]",8,25,87.78304815292358,"[[500, 19.96808058997908], [1000, 21.06655598232565], [1500, 21.15376221127824], [2000, 21.18232532947477], [2500, 21.16926457241832], [3000, 21.13258752789218], [3500, 21.583085548580826], [4000, 21.573234073671447], [4500, 21.502940769686383], [5000, 21.45983770145826], [5500, 21.459264083128343], [6000, 21.506914463231805]]",6.003738571874735,155290,0.00038242102009463963,22.89414819841397,0.859454185962677,0.12810943022370339,0.04810897715041664,0.09245819238924957,0.012764075662035882,0.9992954626802276,0.052604340063351226,0.09008069764803919,0.01414528473168998,0.9995537451914309,0.02522399981337023,0.008671211122885769,0.016947605468128,0.05883167539871212,2549,43327,98.93144416809082,2,,,,,,,,,,,,,
stage0_repro,materials__init-random__n_views-8__depth_lambda-0p0__densify_until-1p0__iterations-6000__means_lr_steps-30000__sh_degree-3__split-dietnerf,blender,materials,8,random,dietnerf,2,white,gt,gt,0.0,0.0,1.0,0.0,0.0,0.0,ssi,0.0,6000,3,0,0.0,0.0,1.0,0.0,0.0,0.0,False,random,100000,"[2, 16, 26, 55, 73, 76, 86, 93]","[0, 8, 16, 24, 32, 40, 48, 56, 64, 72, 80, 88, 96, 104, 112, 120, 128, 136, 144, 152, 160, 168, 176, 184, 192]",8,25,85.48766136169434,"[[500, 14.819121954016456], [1000, 14.574567393391133], [1500, 14.166530642271589], [2000, 13.903334754909327], [2500, 13.71299377574673], [3000, 13.596134318446692], [3500, 13.939677396425635], [4000, 13.792670449648195], [4500, 13.710414694544147], [5000, 13.652654255040456], [5500, 13.608965463233833], [6000, 13.578213905143814]]",6.120883491383313,160731,0.00038988281728668053,14.879689758457896,0.7568630719184876,0.2427102118730545,,,,,,,,,,,,,,,92.50623774528503,2,,,,,,,,,,,,,
stage0_repro,mic__init-random__n_views-8__depth_lambda-0p0__densify_until-1p0__iterations-6000__means_lr_steps-30000__sh_degree-3__split-dietnerf,blender,mic,8,random,dietnerf,2,white,gt,gt,0.0,0.0,1.0,0.0,0.0,0.0,ssi,0.0,6000,3,0,0.0,0.0,1.0,0.0,0.0,0.0,False,random,100000,"[2, 16, 26, 55, 73, 76, 86, 93]","[0, 8, 16, 24, 32, 40, 48, 56, 64, 72, 80, 88, 96, 104, 112, 120, 128, 136, 144, 152, 160, 168, 176, 184, 192]",8,25,82.44305539131165,"[[500, 26.01230832107309], [1000, 26.423274138226], [1500, 26.04635565467155], [2000, 25.589431848121393], [2500, 25.629463620475132], [3000, 25.48850180198697], [3500, 25.90680743615619], [4000, 25.79169063629658], [4500, 25.636179176311238], [5000, 25.59005346243311], [5500, 25.538409793288594], [6000, 25.520176747069]]",4.325672982265601,125134,0.00027553302907346483,25.792543155728026,0.9508516049385071,0.06077085273340344,,,,,,,,,,,,,,,89.25050806999207,2,,,,,,,,,,,,,
stage0_repro,ship__init-random__n_views-8__depth_lambda-0p0__densify_until-1p0__iterations-6000__means_lr_steps-30000__sh_degree-3__split-dietnerf,blender,ship,8,random,dietnerf,2,white,gt,gt,0.0,0.0,1.0,0.0,0.0,0.0,ssi,0.0,6000,3,0,0.0,0.0,1.0,0.0,0.0,0.0,False,random,100000,"[2, 16, 26, 55, 73, 76, 86, 93]","[0, 8, 16, 24, 32, 40, 48, 56, 64, 72, 80, 88, 96, 104, 112, 120, 128, 136, 144, 152, 160, 168, 176, 184, 192]",8,25,95.78274893760681,"[[500, 17.09346650759815], [1000, 17.77496103029865], [1500, 17.476216956634403], [2000, 17.317415762172672], [2500, 17.155524019419612], [3000, 17.050272340268027], [3500, 17.200350011938568], [4000, 17.086629195674103], [4500, 17.020337134222103], [5000, 16.959290805738256], [5500, 16.925704459012024], [6000, 16.869214844929886]]",5.57139466794628,186124,0.00035488194676680453,16.780034031699778,0.6908761215209961,0.2937323474884033,0.1505930540637781,0.23820750122758982,0.038707371402991776,0.9870962449826493,0.1349114855205424,0.18853250153327533,0.03613290415667376,0.9950054348031814,0.09288440879014057,0.031208073755614806,0.06204624127287769,0.1563380281690141,5883,37630,110.51055002212524,2,,,,,,,,,,,,,
stage1,chair__init-depth__n_views-3__depth_lambda-0p0,blender,chair,3,depth,fps,2,white,gt,gt,0.0,0.0,1.0,0.0,0.0,0.0,ssi,0.0,7000,0,0,0.0,0.0,1.0,0.0,0.0,0.0,True,depth,19669,"[0, 32, 6]","[0, 8, 16, 24, 32, 40, 48, 56, 64, 72, 80, 88, 96, 104, 112, 120, 128, 136, 144, 152, 160, 168, 176, 184, 192]",3,25,83.54436683654785,"[[500, 24.200054252356082], [1000, 24.353610964254784], [1500, 24.249967303844926], [2000, 24.206375770802588], [2500, 24.167488366384042], [3000, 24.14393928302645], [3500, 24.262087143436545], [4000, 24.22490682916664], [4500, 24.198743890912], [5000, 24.185056115741872], [5500, 24.177990933005958], [6000, 24.168421009335038], [6500, 24.15584972483547], [7000, 24.140613653060388]]",4.306069181176648,41832,6.889710689883167e-06,22.219355917678712,0.8643744254112243,0.11789892330765724,0.04645892543547969,0.12031068884790988,0.012200929474949227,0.9979040008871487,0.05545429274065666,0.10862022576831415,0.01459845077284286,0.9981977874056401,0.017195425525669376,0.007346487040991839,0.012270956283330609,0.003647231649865762,72,19741,93.9313051700592,2,0.0,0.0,0.0,4.1428160423524487e-16,1.0,,,,,,,,
stage1,chair__init-depth__n_views-5__depth_lambda-0p0,blender,chair,5,depth,fps,2,white,gt,gt,0.0,0.0,1.0,0.0,0.0,0.0,ssi,0.0,7000,0,0,0.0,0.0,1.0,0.0,0.0,0.0,True,depth,35955,"[0, 32, 6, 2, 39]","[0, 8, 16, 24, 32, 40, 48, 56, 64, 72, 80, 88, 96, 104, 112, 120, 128, 136, 144, 152, 160, 168, 176, 184, 192]",5,25,86.46158957481384,"[[500, 28.273922608811922], [1000, 28.227282997900417], [1500, 28.23654297064131], [2000, 28.146763115223536], [2500, 28.031162127543077], [3000, 27.984635020341074], [3500, 27.938158905267926], [4000, 27.859166502561223], [4500, 27.81446985953264], [5000, 27.758673586869357], [5500, 27.741368266705972], [6000, 27.704316302506257], [6500, 27.679883519420216], [7000, 27.678278969177676]]",4.453711311592712,58318,7.125938098548859e-06,25.02189608760307,0.9048935461044312,0.0783911493420601,0.02993863405752163,0.07302152364734785,0.00790898535269386,0.9986322877824582,0.03288016509180583,0.06950976572866738,0.008755954499712722,0.9988597871886771,0.012565181702918132,0.006215228873186662,0.009390205288052397,0.014424050889348082,356,24681,96.54898452758789,2,0.0,0.0,0.0,2.964986277208822e-16,1.0,,,,,,,,
stage1,chair__init-depth__n_views-9__depth_lambda-0p0,blender,chair,9,depth,fps,2,white,gt,gt,0.0,0.0,1.0,0.0,0.0,0.0,ssi,0.0,7000,0,0,0.0,0.0,1.0,0.0,0.0,0.0,True,depth,68444,"[0, 32, 6, 2, 39, 90, 38, 59, 80]","[0, 8, 16, 24, 32, 40, 48, 56, 64, 72, 80, 88, 96, 104, 112, 120, 128, 136, 144, 152, 160, 168, 176, 184, 192]",9,25,89.63518714904785,"[[500, 31.200627028840067], [1000, 31.29548719619182], [1500, 31.656297307353384], [2000, 32.02299020073568], [2500, 31.917939964197473], [3000, 31.84605062577549], [3500, 31.904843793005636], [4000, 31.84569708890534], [4500, 31.80688166670788], [5000, 31.79014767629772], [5500, 31.74556401000616], [6000, 31.711190565653105], [6500, 31.65677797781599], [7000, 31.66317527767395]]",4.587113632433774,84576,7.339381811894599e-06,29.296961010188205,0.9516767859458923,0.04060393806546927,0.017471794293520176,0.04074061024139515,0.004623620871129421,0.9994827690268316,0.01818568221156165,0.03961086419718739,0.004860848700111856,0.9995252814646814,0.008509388065821596,0.005179549646956534,0.006844468856389065,0.011727339359882726,384,32744,99.92536640167236,2,0.0,0.0,0.0,3.782792275659672e-16,1.0,,,,,,,,
stage1,chair__init-random__n_views-3__depth_lambda-0p0,blender,chair,3,random,fps,2,white,gt,gt,0.0,0.0,1.0,0.0,0.0,0.0,ssi,0.0,7000,0,0,0.0,0.0,1.0,0.0,0.0,0.0,False,random,100000,"[0, 32, 6]","[0, 8, 16, 24, 32, 40, 48, 56, 64, 72, 80, 88, 96, 104, 112, 120, 128, 136, 144, 152, 160, 168, 176, 184, 192]",3,25,81.32203125953674,"[[500, 20.146901903698126], [1000, 20.082111379230636], [1500, 19.916223623351073], [2000, 19.825253603748063], [2500, 19.79478498637978], [3000, 19.72708385418074], [3500, 19.894009835334167], [4000, 19.853122797367615], [4500, 19.82091823474639], [5000, 19.79393817464691], [5500, 19.76214470410182], [6000, 19.743435075273844], [6500, 19.711232312039368], [7000, 19.69678588948348]]",4.306069181176648,31172,6.889710689883167e-06,18.0594194232407,0.7771814727783203,0.24652582854032518,0.25532732474143804,0.6361231487782002,0.06721119620576765,0.9601981389894744,0.22963469272928447,0.29437314875009946,0.06063080745848147,0.9910236891697235,0.11492461181152674,0.014277572811344086,0.06460109231143542,0.44344538673750894,4340,9787,99.22303032875061,2,,,,,,,,,,,,,
stage1,chair__init-random__n_views-5__depth_lambda-0p0,blender,chair,5,random,fps,2,white,gt,gt,0.0,0.0,1.0,0.0,0.0,0.0,ssi,0.0,7000,0,0,0.0,0.0,1.0,0.0,0.0,0.0,False,random,100000,"[0, 32, 6, 2, 39]","[0, 8, 16, 24, 32, 40, 48, 56, 64, 72, 80, 88, 96, 104, 112, 120, 128, 136, 144, 152, 160, 168, 176, 184, 192]",5,25,82.86967444419861,"[[500, 22.2174722257529], [1000, 23.26594985069217], [1500, 23.550575963598593], [2000, 23.592114630815352], [2500, 23.567646564520984], [3000, 23.526574752714016], [3500, 23.596020816572796], [4000, 23.55398539558543], [4500, 23.516804701132994], [5000, 23.49812534832651], [5500, 23.463987660074306], [6000, 23.448093055611224], [6500, 23.44139324766649], [7000, 23.422546605194466]]",4.453711311592712,37324,7.125938098548859e-06,21.20589468503856,0.8504276967048645,0.1265840220451355,0.1104218333885256,0.23789383009872378,0.028948455800463062,0.9941595369183895,0.12260776863833313,0.1895671610177606,0.032104386723194385,0.9961153970912,0.04555544065060222,0.009925618066110146,0.027740529358356185,0.25079296424452135,3479,13872,97.81679606437683,2,,,,,,,,,,,,,
stage1,chair__init-random__n_views-9__depth_lambda-0p0,blender,chair,9,random,fps,2,white,gt,gt,0.0,0.0,1.0,0.0,0.0,0.0,ssi,0.0,7000,0,0,0.0,0.0,1.0,0.0,0.0,0.0,False,random,100000,"[0, 32, 6, 2, 39, 90, 38, 59, 80]","[0, 8, 16, 24, 32, 40, 48, 56, 64, 72, 80, 88, 96, 104, 112, 120, 128, 136, 144, 152, 160, 168, 176, 184, 192]",9,25,84.64154028892517,"[[500, 24.755432838177832], [1000, 27.333995303301688], [1500, 28.702601718395265], [2000, 29.386512926374934], [2500, 29.434526938357966], [3000, 29.454515051855545], [3500, 29.72505311182077], [4000, 29.63484861997452], [4500, 29.594145304964275], [5000, 29.57292246847649], [5500, 29.53193194348248], [6000, 29.466165569721237], [6500, 29.434534973185244], [7000, 29.457491114765652]]",4.587113632433774,46286,7.339381811894599e-06,26.985678856440913,0.9325369048118591,0.05733488693833351,0.04911405499357944,0.13131297452910715,0.012858094831934636,0.9973988015761954,0.06539661110637049,0.11133297062411115,0.017180262255556064,0.9979858527825914,0.021444414825761742,0.006667938811412714,0.014056176818587228,0.12029112081513828,2066,17175,96.857102394104,2,,,,,,,,,,,,,
stage1,chair__init-sfm__n_views-3__depth_lambda-0p0,blender,chair,3,sfm,fps,2,white,gt,gt,0.0,0.0,1.0,0.0,0.0,0.0,ssi,0.0,7000,0,0,0.0,0.0,1.0,0.0,0.0,0.0,False,sfm,6,"[0, 32, 6]","[0, 8, 16, 24, 32, 40, 48, 56, 64, 72, 80, 88, 96, 104, 112, 120, 128, 136, 144, 152, 160, 168, 176, 184, 192]",3,25,77.44104337692261,"[[500, 18.191351559052745], [1000, 18.822071820964098], [1500, 20.065041645402133], [2000, 20.734000650804056], [2500, 20.690736540338822], [3000, 20.721987085298572], [3500, 20.876602782273725], [4000, 20.8678625929451], [4500, 20.849790358221505], [5000, 20.828562346442418], [5500, 20.82545639817444], [6000, 20.810433843002574], [6500, 20.796203995349554], [7000, 20.783612092829753]]",4.306069181176648,17333,6.889710689883167e-06,18.481395128877956,0.8045947551727295,0.179814842492342,0.2796329559832284,0.72969220386033,0.07236354974050792,0.9556679998511735,0.23760429743673253,0.3005313895847797,0.06274268691005118,0.9891874530612492,0.06617332829494382,0.017391666284752964,0.0417824972898484,0.43309859154929575,3813,8804,94.33682012557983,2,,,,,,6,,,,,,,
stage1,chair__init-sfm__n_views-5__depth_lambda-0p0,blender,chair,5,sfm,fps,2,white,gt,gt,0.0,0.0,1.0,0.0,0.0,0.0,ssi,0.0,7000,0,0,0.0,0.0,1.0,0.0,0.0,0.0,False,sfm,71,"[0, 32, 6, 2, 39]","[0, 8, 16, 24, 32, 40, 48, 56, 64, 72, 80, 88, 96, 104, 112, 120, 128, 136, 144, 152, 160, 168, 176, 184, 192]",5,25,80.52414393424988,"[[500, 19.372534123312548], [1000, 21.52117744191691], [1500, 22.987363397247513], [2000, 23.4482820361737], [2500, 23.4911280562946], [3000, 23.53690316412831], [3500, 23.749946880076678], [4000, 23.683497570888363], [4500, 23.672709401561697], [5000, 23.647592462126823], [5500, 23.630815050158212], [6000, 23.61493087659394], [6500, 23.591302412420802], [7000, 23.596699964646263]]",4.453711311592712,30509,7.125938098548859e-06,21.169079556895927,0.8548301076889038,0.12047918424010277,0.120503519865259,0.3164621065452667,0.03139088510513359,0.9905694873137864,0.1492239376593912,0.22032747787874585,0.0391159915862174,0.9937058812246263,0.044022716988152834,0.010763861550581953,0.027393289269367394,0.2155292734885771,2934,13613,95.36912846565247,2,,,,,,71,,,,,,,
stage1,chair__init-sfm__n_views-9__depth_lambda-0p0,blender,chair,9,sfm,fps,2,white,gt,gt,0.0,0.0,1.0,0.0,0.0,0.0,ssi,0.0,7000,0,0,0.0,0.0,1.0,0.0,0.0,0.0,False,sfm,440,"[0, 32, 6, 2, 39, 90, 38, 59, 80]","[0, 8, 16, 24, 32, 40, 48, 56, 64, 72, 80, 88, 96, 104, 112, 120, 128, 136, 144, 152, 160, 168, 176, 184, 192]",9,25,82.62737369537354,"[[500, 23.878354335693004], [1000, 26.482376160847526], [1500, 28.92934792865242], [2000, 30.07353409401415], [2500, 30.16985820830023], [3000, 30.185930497199273], [3500, 30.469963640698793], [4000, 30.450316742166436], [4500, 30.431116012019256], [5000, 30.445384323489133], [5500, 30.39708116660472], [6000, 30.37676668741], [6500, 30.326363625285317], [7000, 30.355025127043213]]",4.587113632433774,40450,7.339381811894599e-06,27.989815141640396,0.9395599555969238,0.05302864745259285,0.040763251052804234,0.11792295191399996,0.010809188817298936,0.9971476643477785,0.05603087716506858,0.09749853480234702,0.014909883076387534,0.9978362130706363,0.01770717790664384,0.006596926088478633,0.012152051997561237,0.0538335020242915,851,15808,95.04832077026367,2,,,,,,440,,,,,,,
stage1,lego__init-depth__n_views-3__depth_lambda-0p0,blender,lego,3,depth,fps,2,white,gt,gt,0.0,0.0,1.0,0.0,0.0,0.0,ssi,0.0,7000,0,0,0.0,0.0,1.0,0.0,0.0,0.0,True,depth,25546,"[0, 89, 32]","[0, 8, 16, 24, 32, 40, 48, 56, 64, 72, 80, 88, 96, 104, 112, 120, 128, 136, 144, 152, 160, 168, 176, 184, 192]",3,25,84.97392320632935,"[[500, 19.123456803982396], [1000, 19.491468995073994], [1500, 19.323613861036804], [2000, 19.2321272766804], [2500, 19.190742305516018], [3000, 19.169279636033416], [3500, 19.422217449328606], [4000, 19.37160863657619], [4500, 19.349847777383403], [5000, 19.332345668988715], [5500, 19.324581251191425], [6000, 19.321131818838957], [6500, 19.316295273281966], [7000, 19.315641968903506]]",4.5367010562599654,54778,7.258721690016551e-06,19.392532509061365,0.7899370050430298,0.17776089549064636,0.05315727058064256,0.12655275243302425,0.01443458355115677,0.9987346233989153,0.0617794291614749,0.1182337702256674,0.01668732290636587,0.9987770644999268,0.015686375549510242,0.008253059242509804,0.011969717396010023,0.002591399355652052,74,28556,94.82585430145264,2,0.0,0.0,0.0,2.826612643966149e-16,1.0,,,,,,,,
stage1,lego__init-depth__n_views-5__depth_lambda-0p0,blender,lego,5,depth,fps,2,white,gt,gt,0.0,0.0,1.0,0.0,0.0,0.0,ssi,0.0,7000,0,0,0.0,0.0,1.0,0.0,0.0,0.0,True,depth,45898,"[0, 89, 32, 17, 7]","[0, 8, 16, 24, 32, 40, 48, 56, 64, 72, 80, 88, 96, 104, 112, 120, 128, 136, 144, 152, 160, 168, 176, 184, 192]",5,25,87.879807472229,"[[500, 21.98050061202232], [1000, 22.05678122979998], [1500, 21.8775903694022], [2000, 21.80393560942092], [2500, 21.730950512202906], [3000, 21.688609459517906], [3500, 22.036086448367378], [4000, 21.94112478943505], [4500, 21.89731635954803], [5000, 21.86246905865768], [5500, 21.833599129911264], [6000, 21.803118036624998], [6500, 21.796967318988305], [7000, 21.7665974875886]]",4.5750079361897065,74971,7.320012697904101e-06,23.283602947915455,0.8576320004463196,0.11414109751582145,0.027089047813347665,0.05642916530286964,0.007356212564318461,0.9998181730263432,0.02699681664957313,0.05607341883003897,0.007337620119362608,0.9998154457301197,0.011498443812578012,0.006845947068256625,0.009172195440417318,0.0008935181639478186,35,39171,97.80169796943665,2,0.0,0.0,0.0,3.478149653280016e-16,1.0,,,,,,,,
stage1,lego__init-depth__n_views-9__depth_lambda-0p0,blender,lego,9,depth,fps,2,white,gt,gt,0.0,0.0,1.0,0.0,0.0,0.0,ssi,0.0,7000,0,0,0.0,0.0,1.0,0.0,0.0,0.0,True,depth,91941,"[0, 89, 32, 17, 7, 4, 60, 36, 24]","[0, 8, 16, 24, 32, 40, 48, 56, 64, 72, 80, 88, 96, 104, 112, 120, 128, 136, 144, 152, 160, 168, 176, 184, 192]",9,25,92.78503775596619,"[[500, 24.730868833079512], [1000, 24.959766509494685], [1500, 25.028320985882075], [2000, 24.97037928724922], [2500, 24.911943117714365], [3000, 24.86062325899822], [3500, 25.013819845062883], [4000, 24.943778357103916], [4500, 24.87493046757346], [5000, 24.81697283429879], [5500, 24.739118600001394], [6000, 24.699562460283136], [6500, 24.669627536545175], [7000, 24.634101928445283]]",4.423456892520446,125966,7.0775310280332764e-06,27.88423152684577,0.9326598811149597,0.057663946971297265,0.014987652610291257,0.03170394382967725,0.004053457716089231,0.9999631533455455,0.014459534288726065,0.03138321664145791,0.0039027669734186432,0.9999630605204192,0.008566727073358016,0.005763989976406048,0.007165358524882032,0.0008229390218320882,51,61973,103.27050852775574,2,0.0,0.0,0.0,3.3155727556045965e-16,1.0,,,,,,,,
stage1,lego__init-random__n_views-3__depth_lambda-0p0,blender,lego,3,random,fps,2,white,gt,gt,0.0,0.0,1.0,0.0,0.0,0.0,ssi,0.0,7000,0,0,0.0,0.0,1.0,0.0,0.0,0.0,False,random,100000,"[0, 89, 32]","[0, 8, 16, 24, 32, 40, 48, 56, 64, 72, 80, 88, 96, 104, 112, 120, 128, 136, 144, 152, 160, 168, 176, 184, 192]",3,25,84.78992319107056,"[[500, 15.645849588039535], [1000, 15.155388349446806], [1500, 14.888555419720262], [2000, 14.819425120354364], [2500, 14.786521593950612], [3000, 14.759761138630822], [3500, 14.893691179965113], [4000, 14.850497309524851], [4500, 14.827445580605401], [5000, 14.818172136245652], [5500, 14.80949146620187], [6000, 14.8031627547509], [6500, 14.792870421996575], [7000, 14.788019636684764]]",4.5367010562599654,48199,7.258721690016551e-06,14.984905462957757,0.6714543080329896,0.30552814483642576,0.13971185514061674,0.29601510263983166,0.037607790825489616,0.9897015367771053,0.16202384267488892,0.24404497612428805,0.0440693059573483,0.9929778280573821,0.08982790309345995,0.015908263713907408,0.05286808340368368,0.2949633154868134,5950,20172,95.86289072036743,2,,,,,,,,,,,,,
stage1,lego__init-random__n_views-5__depth_lambda-0p0,blender,lego,5,random,fps,2,white,gt,gt,0.0,0.0,1.0,0.0,0.0,0.0,ssi,0.0,7000,0,0,0.0,0.0,1.0,0.0,0.0,0.0,False,random,100000,"[0, 89, 32, 17, 7]","[0, 8, 16, 24, 32, 40, 48, 56, 64, 72, 80, 88, 96, 104, 112, 120, 128, 136, 144, 152, 160, 168, 176, 184, 192]",5,25,85.17060208320618,"[[500, 18.804983957863275], [1000, 19.017134534949477], [1500, 18.969575195953006], [2000, 18.93033062360538], [2500, 18.865899745382187], [3000, 18.817401443073233], [3500, 18.977488537808533], [4000, 18.946085389873936], [4500, 18.92669713959294], [5000, 18.903532972435393], [5500, 18.887101397674023], [6000, 18.868401367551982], [6500, 18.861560438913482], [7000, 18.841229539136492]]",4.5750079361897065,52625,7.320012697904101e-06,19.646518862103516,0.7850615453720092,0.17130910575389863,0.08106554720918674,0.13625490315681377,0.02168609120030464,0.9986117689236238,0.08659699364747593,0.1334011583376699,0.023412845330769688,0.9988082004396032,0.028276941401686115,0.012185304026874207,0.02023112271428016,0.11534647061360011,2675,23191,95.83841180801392,2,,,,,,,,,,,,,
stage1,lego__init-random__n_views-9__depth_lambda-0p0,blender,lego,9,random,fps,2,white,gt,gt,0.0,0.0,1.0,0.0,0.0,0.0,ssi,0.0,7000,0,0,0.0,0.0,1.0,0.0,0.0,0.0,False,random,100000,"[0, 89, 32, 17, 7, 4, 60, 36, 24]","[0, 8, 16, 24, 32, 40, 48, 56, 64, 72, 80, 88, 96, 104, 112, 120, 128, 136, 144, 152, 160, 168, 176, 184, 192]",9,25,87.31834435462952,"[[500, 21.182692638114226], [1000, 22.35209910172025], [1500, 22.708215370132116], [2000, 22.789240569021622], [2500, 22.807017080357294], [3000, 22.74835487863279], [3500, 22.855850300785846], [4000, 22.778520475124747], [4500, 22.73693204442454], [5000, 22.66842801753073], [5500, 22.640681874401487], [6000, 22.59611594614773], [6500, 22.568056098015102], [7000, 22.558345128840948]]",4.423456892520446,76256,7.0775310280332764e-06,24.359174180688125,0.8763894891738891,0.10242349952459336,0.04518171152905442,0.08506591088695874,0.012108456850508575,0.9998363523105792,0.049778345143716304,0.08295071072081069,0.01347626046340217,0.999889444961185,0.018492602725236607,0.008991433316541191,0.0137420180208889,0.04484113686904073,1472,32827,98.35825252532959,2,,,,,,,,,,,,,
stage1,lego__init-sfm__n_views-3__depth_lambda-0p0,blender,lego,3,sfm,fps,2,white,gt,gt,0.0,0.0,1.0,0.0,0.0,0.0,ssi,0.0,7000,0,0,0.0,0.0,1.0,0.0,0.0,0.0,False,sfm,8,"[0, 89, 32]","[0, 8, 16, 24, 32, 40, 48, 56, 64, 72, 80, 88, 96, 104, 112, 120, 128, 136, 144, 152, 160, 168, 176, 184, 192]",3,25,80.43938207626343,"[[500, 13.02491661540045], [1000, 12.883825857033887], [1500, 13.285997199682036], [2000, 13.614084286847122], [2500, 13.616699238358745], [3000, 13.613745202567303], [3500, 13.731997421506094], [4000, 13.779975959428928], [4500, 13.81078574382876], [5000, 13.824097047970586], [5500, 13.841878857135988], [6000, 13.853468277328837], [6500, 13.866374367983347], [7000, 13.877999968189854]]",4.5367010562599654,45886,7.258721690016551e-06,14.219828908821714,0.662426700592041,0.3044760113954544,0.24990382164107694,0.5476950397891638,0.06883834006140616,0.9701945099977065,0.23393224126817852,0.3126051121850056,0.06367123503519125,0.984455942961319,0.055175525948280325,0.01600898690656304,0.035592256427421684,0.250628667225482,897,3579,92.36664080619812,2,,,,,,8,,,,,,,
stage1,lego__init-sfm__n_views-5__depth_lambda-0p0,blender,lego,5,sfm,fps,2,white,gt,gt,0.0,0.0,1.0,0.0,0.0,0.0,ssi,0.0,7000,0,0,0.0,0.0,1.0,0.0,0.0,0.0,False,sfm,28,"[0, 89, 32, 17, 7]","[0, 8, 16, 24, 32, 40, 48, 56, 64, 72, 80, 88, 96, 104, 112, 120, 128, 136, 144, 152, 160, 168, 176, 184, 192]",5,25,81.88490676879883,"[[500, 13.966496643113253], [1000, 16.113363951009553], [1500, 17.04661698655847], [2000, 17.441005679360067], [2500, 17.42807719040577], [3000, 17.409784268788272], [3500, 17.61060425162971], [4000, 17.5830729294281], [4500, 17.5592784893314], [5000, 17.54449042633745], [5500, 17.52625219567596], [6000, 17.519454451147418], [6500, 17.50394082119341], [7000, 17.497977282816876]]",4.5750079361897065,42675,7.320012697904101e-06,18.615810068704008,0.7675053024291992,0.18767870336771011,0.10078874855016058,0.20175132974031432,0.02767173190344319,0.9969946922720634,0.11406640853693623,0.18379989656223228,0.03107143862790313,0.9969648589814316,0.02919408955521299,0.010798565152140708,0.01999632735367685,0.14354385067757608,2807,19555,93.64974665641785,2,,,,,,28,,,,,,,
stage1,lego__init-sfm__n_views-9__depth_lambda-0p0,blender,lego,9,sfm,fps,2,white,gt,gt,0.0,0.0,1.0,0.0,0.0,0.0,ssi,0.0,7000,0,0,0.0,0.0,1.0,0.0,0.0,0.0,False,sfm,194,"[0, 89, 32, 17, 7, 4, 60, 36, 24]","[0, 8, 16, 24, 32, 40, 48, 56, 64, 72, 80, 88, 96, 104, 112, 120, 128, 136, 144, 152, 160, 168, 176, 184, 192]",9,25,84.63873410224915,"[[500, 16.816967239743953], [1000, 19.50653987416667], [1500, 21.526668731634572], [2000, 21.934601324500967], [2500, 22.015544495544823], [3000, 22.067338425527687], [3500, 22.443620418865375], [4000, 22.40864325329634], [4500, 22.377001696252847], [5000, 22.351273252490316], [5500, 22.306354317883525], [6000, 22.293033087553816], [6500, 22.258246657839823], [7000, 22.24787845815947]]",4.423456892520446,64535,7.0775310280332764e-06,24.34954199470275,0.8792747473716735,0.10107844278216362,0.04027333864988216,0.07404388044645145,0.010790681277790575,0.9999150312248177,0.04202174005676309,0.0727948302937603,0.011316753226945362,0.9999145217370811,0.016606042497887014,0.007884967246538381,0.012245504872212699,0.037419397948615145,1120,29931,98.24219989776611,2,,,,,,194,,,,,,,
stage1,ship__init-depth__n_views-3__depth_lambda-0p0,blender,ship,3,depth,fps,2,white,gt,gt,0.0,0.0,1.0,0.0,0.0,0.0,ssi,0.0,7000,0,0,0.0,0.0,1.0,0.0,0.0,0.0,True,depth,40583,"[0, 57, 44]","[0, 8, 16, 24, 32, 40, 48, 56, 64, 72, 80, 88, 96, 104, 112, 120, 128, 136, 144, 152, 160, 168, 176, 184, 192]",3,25,89.9344482421875,"[[500, 13.2963095993255], [1000, 13.67493993979542], [1500, 13.496656961556134], [2000, 13.417493804466488], [2500, 13.3400625817393], [3000, 13.262996628011624], [3500, 13.599443732044058], [4000, 13.516406914964978], [4500, 13.46654511427667], [5000, 13.427788827158977], [5500, 13.405944731086912], [6000, 13.394043928976622], [6500, 13.384882559235848], [7000, 13.369537141576968]]",4.6792690538806845,82517,7.486830486209686e-06,16.68869847495491,0.679291398525238,0.26398963272571563,0.10582408846595388,0.2921314722383262,0.030324830909941362,0.9844871401877099,0.13514526814990313,0.2157508416334614,0.03773271278381764,0.9870594589062225,0.01704771626613551,0.01340999999693556,0.015228858131535536,0.002692224854619858,100,37144,99.84032821655273,2,0.0,0.0,0.0,1.5225728747100584e-16,1.0,,,,,,,,
stage1,ship__init-depth__n_views-5__depth_lambda-0p0,blender,ship,5,depth,fps,2,white,gt,gt,0.0,0.0,1.0,0.0,0.0,0.0,ssi,0.0,7000,0,0,0.0,0.0,1.0,0.0,0.0,0.0,True,depth,79778,"[0, 57, 44, 81, 59]","[0, 8, 16, 24, 32, 40, 48, 56, 64, 72, 80, 88, 96, 104, 112, 120, 128, 136, 144, 152, 160, 168, 176, 184, 192]",5,25,95.66340470314026,"[[500, 22.342720835453353], [1000, 22.388423824126903], [1500, 22.434617120688273], [2000, 22.41770432137993], [2500, 22.387476830010378], [3000, 22.36390185230527], [3500, 22.482733773482217], [4000, 22.42940957165944], [4500, 22.392048842153585], [5000, 22.373109242626487], [5500, 22.350361806677427], [6000, 22.325510167720278], [6500, 22.303646567254578], [7000, 22.29581449002712]]",4.937371146179922,125007,7.899793833888435e-06,21.115824413113746,0.7453833150863648,0.20652362644672395,0.062630997981177,0.15260376663623465,0.017219159295389707,0.995541869377384,0.07862397439643726,0.13357277433547002,0.02216414131856081,0.9952945403457193,0.013476654485790288,0.010948131769605874,0.01221239312769808,0.0006459687512616577,32,49538,105.8322024345398,2,0.0,0.0,0.0,1.651545914952979e-16,1.0,,,,,,,,
stage1,ship__init-depth__n_views-9__depth_lambda-0p0,blender,ship,9,depth,fps,2,white,gt,gt,0.0,0.0,1.0,0.0,0.0,0.0,ssi,0.0,7000,0,0,0.0,0.0,1.0,0.0,0.0,0.0,True,depth,139944,"[0, 57, 44, 81, 59, 45, 55, 38, 69]","[0, 8, 16, 24, 32, 40, 48, 56, 64, 72, 80, 88, 96, 104, 112, 120, 128, 136, 144, 152, 160, 168, 176, 184, 192]",9,25,103.35980701446533,"[[500, 23.381677998553464], [1000, 24.15118410473903], [1500, 24.30636064669062], [2000, 24.28607464958184], [2500, 24.326561237733173], [3000, 24.243998656306506], [3500, 24.376482969720346], [4000, 24.42015757076691], [4500, 24.37950849065571], [5000, 24.312001209746704], [5500, 24.32453143567581], [6000, 24.28700718267528], [6500, 24.291087502660417], [7000, 24.28330642024451]]",4.854430358992945,200266,7.767088574389294e-06,24.236559712198606,0.7970151734352112,0.1637440112233162,0.04443622302063962,0.08450175551719032,0.011869513155166402,0.9995696379914562,0.045289174803467,0.08138460686574563,0.012126906502182566,0.9996562604119822,0.012448916092132391,0.010720332877270805,0.011584624484701598,0.002570441559292064,157,61079,114.34361815452576,2,0.0,0.0,0.0,2.106731693729852e-16,1.0,,,,,,,,
stage1,ship__init-random__n_views-3__depth_lambda-0p0,blender,ship,3,random,fps,2,white,gt,gt,0.0,0.0,1.0,0.0,0.0,0.0,ssi,0.0,7000,0,0,0.0,0.0,1.0,0.0,0.0,0.0,False,random,100000,"[0, 57, 44]","[0, 8, 16, 24, 32, 40, 48, 56, 64, 72, 80, 88, 96, 104, 112, 120, 128, 136, 144, 152, 160, 168, 176, 184, 192]",3,25,90.76197504997253,"[[500, 11.76701408078813], [1000, 11.954424761619592], [1500, 11.069906929282684], [2000, 10.916115571771996], [2500, 10.78054015407473], [3000, 10.789519591354587], [3500, 11.276821424252415], [4000, 11.191185045248599], [4500, 11.142312318464956], [5000, 11.100668154847668], [5500, 11.084882218525618], [6000, 11.062523776420516], [6500, 11.005149950182773], [7000, 10.976974370806307]]",4.6792690538806845,73153,7.486830486209686e-06,11.958620362213589,0.5780032694339752,0.3883105373382568,0.2857199589097691,0.42350018679611795,0.07394493493929442,0.9426444228835915,0.27310981355925645,0.3798149088972852,0.0743354414081901,0.9589763409466454,0.16976839586821915,0.036052567419171455,0.1029104816436953,0.4567227304022819,9287,20334,109.0693724155426,2,,,,,,,,,,,,,
stage1,ship__init-random__n_views-5__depth_lambda-0p0,blender,ship,5,random,fps,2,white,gt,gt,0.0,0.0,1.0,0.0,0.0,0.0,ssi,0.0,7000,0,0,0.0,0.0,1.0,0.0,0.0,0.0,False,random,100000,"[0, 57, 44, 81, 59]","[0, 8, 16, 24, 32, 40, 48, 56, 64, 72, 80, 88, 96, 104, 112, 120, 128, 136, 144, 152, 160, 168, 176, 184, 192]",5,25,93.46270704269409,"[[500, 17.32312423910914], [1000, 17.875119412937934], [1500, 17.414365788208357], [2000, 17.224580522670966], [2500, 17.193141283458928], [3000, 17.149299984833622], [3500, 17.307879626589028], [4000, 17.25895029184978], [4500, 17.2310973957363], [5000, 17.213504005628174], [5500, 17.192775740705258], [6000, 17.16088029216624], [6500, 17.16335068139923], [7000, 17.153116877094583]]",4.937371146179922,86613,7.899793833888435e-06,14.600462512717263,0.6393828320503235,0.3126598900556564,0.24471367072045747,0.36363939250021965,0.061765711986318854,0.9659932017207101,0.2051253289926494,0.29089775401584034,0.05498295021138341,0.9833792984051347,0.11531749505288647,0.049547653336540196,0.08243257419471334,0.3164256614585665,7068,22337,107.50008416175842,2,,,,,,,,,,,,,
stage1,ship__init-random__n_views-9__depth_lambda-0p0,blender,ship,9,random,fps,2,white,gt,gt,0.0,0.0,1.0,0.0,0.0,0.0,ssi,0.0,7000,0,0,0.0,0.0,1.0,0.0,0.0,0.0,False,random,100000,"[0, 57, 44, 81, 59, 45, 55, 38, 69]","[0, 8, 16, 24, 32, 40, 48, 56, 64, 72, 80, 88, 96, 104, 112, 120, 128, 136, 144, 152, 160, 168, 176, 184, 192]",9,25,94.11475563049316,"[[500, 20.97758558262983], [1000, 22.430104409346292], [1500, 22.403210428122193], [2000, 22.124005274584], [2500, 22.171486597501662], [3000, 22.011450896514894], [3500, 22.52172949629167], [4000, 22.541176445896376], [4500, 22.48763091920662], [5000, 22.426800328161008], [5500, 22.409471920208553], [6000, 22.351907783883394], [6500, 22.391962146759056], [7000, 22.34963726085615]]",4.854430358992945,104077,7.767088574389294e-06,19.618767541040356,0.7383030128479003,0.22623626828193666,0.15765548660635598,0.2456299360367927,0.039922227709203006,0.9904928958187927,0.1360330241373852,0.1919478250814787,0.035901742894135426,0.9959562560433571,0.06565303205751509,0.03690298705328285,0.05127800955539897,0.12550462648708513,3513,27991,107.24170541763306,2,,,,,,,,,,,,,
stage1,ship__init-sfm__n_views-3__depth_lambda-0p0,blender,ship,3,sfm,fps,2,white,gt,gt,0.0,0.0,1.0,0.0,0.0,0.0,ssi,0.0,7000,0,0,0.0,0.0,1.0,0.0,0.0,0.0,False,sfm,10,"[0, 57, 44]","[0, 8, 16, 24, 32, 40, 48, 56, 64, 72, 80, 88, 96, 104, 112, 120, 128, 136, 144, 152, 160, 168, 176, 184, 192]",3,25,82.17270040512085,"[[500, 11.912452266130401], [1000, 12.932431554765387], [1500, 14.061124174984512], [2000, 13.318897190045737], [2500, 12.831077185241519], [3000, 12.536658015745857], [3500, 12.720073727869933], [4000, 12.637791096603731], [4500, 12.583724774224617], [5000, 12.539350263018669], [5500, 12.512432580376316], [6000, 12.506217945512542], [6500, 12.484099761218317], [7000, 12.461588837319374]]",4.6792690538806845,42891,7.486830486209686e-06,13.818914530971822,0.5877147173881531,0.3628597724437714,0.23270118671250017,0.41968022140164585,0.06379105553970864,0.9590359682529563,0.24719722440098427,0.35287450998350134,0.06726846072297187,0.9737511479064274,0.08002113813038024,0.016430423151734062,0.04822578064105715,0.39002118145445985,8286,21245,95.9424352645874,2,,,,,,10,,,,,,,
stage1,ship__init-sfm__n_views-5__depth_lambda-0p0,blender,ship,5,sfm,fps,2,white,gt,gt,0.0,0.0,1.0,0.0,0.0,0.0,ssi,0.0,7000,0,0,0.0,0.0,1.0,0.0,0.0,0.0,False,sfm,25,"[0, 57, 44, 81, 59]","[0, 8, 16, 24, 32, 40, 48, 56, 64, 72, 80, 88, 96, 104, 112, 120, 128, 136, 144, 152, 160, 168, 176, 184, 192]",5,25,85.33047366142273,"[[500, 13.872803172206464], [1000, 17.97415371838678], [1500, 19.46313770094069], [2000, 19.15264980735855], [2500, 19.082798079542894], [3000, 19.02425456960797], [3500, 19.444785093873012], [4000, 19.403202097274622], [4500, 19.389669347335154], [5000, 19.375762008623607], [5500, 19.357138511250607], [6000, 19.32468027416492], [6500, 19.320990188953157], [7000, 19.315356797979106]]",4.937371146179922,60785,7.899793833888435e-06,17.117904158354005,0.6680655932426453,0.27572484612464904,0.16493964508877673,0.27494295643994915,0.04286106524874735,0.9847660725759968,0.1727283711321158,0.26948462825358127,0.0458827580133802,0.9863753142665115,0.05979650048899697,0.014857174107811252,0.03732683729840411,0.22154805403774597,6609,29831,98.70294427871704,2,,,,,,25,,,,,,,
stage1,ship__init-sfm__n_views-9__depth_lambda-0p0,blender,ship,9,sfm,fps,2,white,gt,gt,0.0,0.0,1.0,0.0,0.0,0.0,ssi,0.0,7000,0,0,0.0,0.0,1.0,0.0,0.0,0.0,False,sfm,231,"[0, 57, 44, 81, 59, 45, 55, 38, 69]","[0, 8, 16, 24, 32, 40, 48, 56, 64, 72, 80, 88, 96, 104, 112, 120, 128, 136, 144, 152, 160, 168, 176, 184, 192]",9,25,88.175776720047,"[[500, 16.755809686536466], [1000, 22.245120606089884], [1500, 23.31389446345123], [2000, 23.30697808833473], [2500, 23.461474276133053], [3000, 23.338814953490058], [3500, 23.61365871380744], [4000, 23.647858416972305], [4500, 23.62303777240804], [5000, 23.54336809562641], [5500, 23.551119283234506], [6000, 23.499137272891655], [6500, 23.51305377944565], [7000, 23.49152793637479]]",4.854430358992945,81336,7.767088574389294e-06,22.643427239394907,0.7774492740631104,0.1887037944793701,0.09443479105834739,0.1450206522475095,0.025151607388205162,0.9992746028187314,0.09455644983924452,0.14132361849181474,0.025375414378807096,0.9994531797147411,0.03290503858948496,0.014908516203050276,0.023906777396267617,0.08060444690341989,2331,28919,101.7901394367218,2,,,,,,231,,,,,,,
stage2_init_loss,chair__init-depth__n_views-3__depth_kind-ssi__depth_lambda-0p1,blender,chair,3,depth,fps,2,white,gt,gt,0.0,0.0,1.0,0.0,0.0,0.0,ssi,0.1,7000,0,0,0.0,0.0,1.0,0.0,0.0,0.0,True,depth,19669,"[0, 32, 6]","[0, 8, 16, 24, 32, 40, 48, 56, 64, 72, 80, 88, 96, 104, 112, 120, 128, 136, 144, 152, 160, 168, 176, 184, 192]",3,25,96.22081136703491,"[[500, 25.08585958505624], [1000, 24.5503133178569], [1500, 24.541593738959925], [2000, 24.802731950471436], [2500, 24.943521256208957], [3000, 24.938312858449244], [3500, 24.298813640571982], [4000, 24.359042791104876], [4500, 24.384280087762054], [5000, 24.561647290191516], [5500, 24.550176034050388], [6000, 24.504060883501605], [6500, 24.506937040355613], [7000, 24.46836518631266]]",4.306069181176648,36748,6.889710689883167e-06,22.64348460745846,0.8750111389160157,0.10765783473849297,0.05391876725502301,0.22830349775384295,0.014215047016625078,0.9934317385989511,0.09176920950569337,0.15293566084500293,0.02435498706498852,0.9948704441967879,0.013815668878086438,0.00584004936520347,0.009827859121644954,0.0027317315452908674,44,16107,106.21574640274048,2,0.0,0.0,0.0,4.1428160423524487e-16,1.0,,,,,,,,
stage2_init_loss,chair__init-depth__n_views-9__depth_kind-ssi__depth_lambda-0p1,blender,chair,9,depth,fps,2,white,gt,gt,0.0,0.0,1.0,0.0,0.0,0.0,ssi,0.1,7000,0,0,0.0,0.0,1.0,0.0,0.0,0.0,True,depth,68444,"[0, 32, 6, 2, 39, 90, 38, 59, 80]","[0, 8, 16, 24, 32, 40, 48, 56, 64, 72, 80, 88, 96, 104, 112, 120, 128, 136, 144, 152, 160, 168, 176, 184, 192]",9,25,102.51689434051514,"[[500, 31.71835678358464], [1000, 31.68184360686935], [1500, 32.24126973942567], [2000, 32.68942378060624], [2500, 32.66292377558376], [3000, 32.6914058131144], [3500, 32.35616965269923], [4000, 32.35976686522007], [4500, 32.406423451001864], [5000, 32.41767160896197], [5500, 32.39646996356504], [6000, 32.30310309491474], [6500, 32.2907213036229], [7000, 32.3146928194753]]",4.587113632433774,80921,7.339381811894599e-06,29.671197926847206,0.9544642925262451,0.03842820584774018,0.012930527581749653,0.047177290407148284,0.0033986054186059145,0.9990450035436774,0.015888335604726515,0.044846346164428515,0.004175858369841956,0.9991894085373653,0.0073502937446604105,0.004388726052550534,0.005869509898605472,0.009649585034909761,293,30364,112.89521527290344,2,0.0,0.0,0.0,3.782792275659672e-16,1.0,,,,,,,,
stage2_init_loss,chair__init-random__n_views-3__depth_kind-ssi__depth_lambda-0p1,blender,chair,3,random,fps,2,white,gt,gt,0.0,0.0,1.0,0.0,0.0,0.0,ssi,0.1,7000,0,0,0.0,0.0,1.0,0.0,0.0,0.0,True,random,100000,"[0, 32, 6]","[0, 8, 16, 24, 32, 40, 48, 56, 64, 72, 80, 88, 96, 104, 112, 120, 128, 136, 144, 152, 160, 168, 176, 184, 192]",3,25,94.56758999824524,"[[500, 20.569222736261395], [1000, 20.73596256227792], [1500, 20.409833928445373], [2000, 20.252522921625037], [2500, 20.21496989046066], [3000, 20.156994817677514], [3500, 20.317769361440924], [4000, 20.230514378361644], [4500, 20.19865075261591], [5000, 20.172475120674523], [5500, 20.15384868666855], [6000, 20.13185840900809], [6500, 20.101352440845975], [7000, 20.07753165202249]]",4.306069181176648,31080,6.889710689883167e-06,16.866153622762592,0.7557284331321716,0.300627728998661,0.39972976475992,0.6030923834040091,0.10293318233310832,0.8216100698684606,0.22139936457260942,0.28404196594695946,0.05823639167339244,0.9946304267508617,0.5300799868391876,0.01726911470572291,0.2736745507724552,0.7593103448275862,6606,8700,198.44861960411072,2,0.0,0.0,0.0,4.1428160423524487e-16,1.0,,,,,,,,
stage2_init_loss,chair__init-random__n_views-9__depth_kind-ssi__depth_lambda-0p1,blender,chair,9,random,fps,2,white,gt,gt,0.0,0.0,1.0,0.0,0.0,0.0,ssi,0.1,7000,0,0,0.0,0.0,1.0,0.0,0.0,0.0,True,random,100000,"[0, 32, 6, 2, 39, 90, 38, 59, 80]","[0, 8, 16, 24, 32, 40, 48, 56, 64, 72, 80, 88, 96, 104, 112, 120, 128, 136, 144, 152, 160, 168, 176, 184, 192]",9,25,97.94164776802063,"[[500, 25.659691500977537], [1000, 28.86527061437056], [1500, 30.64197804583077], [2000, 31.941433511454314], [2500, 32.01632739212026], [3000, 32.14169274934882], [3500, 32.033956754921775], [4000, 32.1490685492883], [4500, 32.200794099770235], [5000, 32.26477653758153], [5500, 32.24668912308225], [6000, 32.21513095485078], [6500, 32.161422818748534], [7000, 32.20266385093337]]",4.587113632433774,45629,7.339381811894599e-06,29.4431055376873,0.9535884284973144,0.042645245976746085,0.010598040298196004,0.030161212851959975,0.0027804204842012455,0.9995348985013672,0.010904631267885451,0.02961386698192502,0.002871945593259583,0.999559048135345,0.006541595702762249,0.004170645627355284,0.0053561206650587665,0.029466764889216297,520,17647,108.22461938858032,2,0.0,0.0,0.0,3.782792275659672e-16,1.0,,,,,,,,
stage2_init_loss,chair__init-sfm__n_views-3__depth_kind-ssi__depth_lambda-0p1,blender,chair,3,sfm,fps,2,white,gt,gt,0.0,0.0,1.0,0.0,0.0,0.0,ssi,0.1,7000,0,0,0.0,0.0,1.0,0.0,0.0,0.0,True,sfm,6,"[0, 32, 6]","[0, 8, 16, 24, 32, 40, 48, 56, 64, 72, 80, 88, 96, 104, 112, 120, 128, 136, 144, 152, 160, 168, 176, 184, 192]",3,25,92.6702492237091,"[[500, 15.181640106772662], [1000, 19.426686858247642], [1500, 19.569326389302667], [2000, 19.382086392557312], [2500, 19.216336436994872], [3000, 18.948296043438802], [3500, 18.729433923036236], [4000, 18.626178485328595], [4500, 18.52318047083885], [5000, 18.412102123854773], [5500, 18.374597795133088], [6000, 18.372222698433625], [6500, 18.31910541415646], [7000, 18.284978715578678]]",4.306069181176648,25158,6.889710689883167e-06,17.170649909596595,0.7750656390190125,0.23216380029916764,0.3165421146359648,0.5944069763890598,0.0859143031431891,0.9235471036364113,0.22925111726650496,0.29196115004836104,0.06122134658567036,0.9848680573837467,0.19126056879472506,0.016710487387711366,0.10398552809121821,0.39942028985507244,2756,6900,116.0346987247467,2,0.0,0.0,0.0,4.1428160423524487e-16,1.0,6,,,,,,,
stage2_init_loss,chair__init-sfm__n_views-9__depth_kind-ssi__depth_lambda-0p1,blender,chair,9,sfm,fps,2,white,gt,gt,0.0,0.0,1.0,0.0,0.0,0.0,ssi,0.1,7000,0,0,0.0,0.0,1.0,0.0,0.0,0.0,True,sfm,440,"[0, 32, 6, 2, 39, 90, 38, 59, 80]","[0, 8, 16, 24, 32, 40, 48, 56, 64, 72, 80, 88, 96, 104, 112, 120, 128, 136, 144, 152, 160, 168, 176, 184, 192]",9,25,95.71382474899292,"[[500, 24.214117971204047], [1000, 27.556477596813718], [1500, 29.887428680586623], [2000, 31.285399758301228], [2500, 31.526446696627083], [3000, 31.68569017669386], [3500, 31.236616823093186], [4000, 31.41752351469637], [4500, 31.489961689643405], [5000, 31.523389230341138], [5500, 31.49526584651624], [6000, 31.470047581073466], [6500, 31.38377979987893], [7000, 31.481184192155485]]",4.587113632433774,40188,7.339381811894599e-06,28.80882992007603,0.9479629516601562,0.048130698949098584,0.02179238785498795,0.09300769857415134,0.005741823070918979,0.9970438140554911,0.03840793093435948,0.07879784984248203,0.010153578273067612,0.9978947802314131,0.011788683817669066,0.004701241689836623,0.008244962753752845,0.02365736758018926,385,16274,107.82362866401672,2,0.0,0.0,0.0,3.782792275659672e-16,1.0,440,,,,,,,
stage2_init_loss,lego__init-depth__n_views-3__depth_kind-ssi__depth_lambda-0p1,blender,lego,3,depth,fps,2,white,gt,gt,0.0,0.0,1.0,0.0,0.0,0.0,ssi,0.1,7000,0,0,0.0,0.0,1.0,0.0,0.0,0.0,True,depth,25546,"[0, 89, 32]","[0, 8, 16, 24, 32, 40, 48, 56, 64, 72, 80, 88, 96, 104, 112, 120, 128, 136, 144, 152, 160, 168, 176, 184, 192]",3,25,97.8308048248291,"[[500, 19.841859976754108], [1000, 20.232166736730324], [1500, 20.19040319373012], [2000, 20.143666942353896], [2500, 20.100844987015634], [3000, 20.08741106436807], [3500, 20.36631710424905], [4000, 20.294960868953186], [4500, 20.278431006383947], [5000, 20.24894563929221], [5500, 20.227860954919457], [6000, 20.20500209474345], [6500, 20.190856679916152], [7000, 20.179360594317593]]",4.5367010562599654,54513,7.258721690016551e-06,20.134935437390112,0.8160893106460572,0.1598053005337715,0.04359583690369353,0.15278992963216612,0.011854227122020292,0.9978639976233764,0.06359555386468084,0.13536547879008648,0.0171764420682385,0.9979535667488193,0.012222441785397043,0.007107252581621249,0.009664847183509146,0.0019861345325089003,53,26685,107.65077829360962,2,0.0,0.0,0.0,2.826612643966149e-16,1.0,,,,,,,,
stage2_init_loss,lego__init-depth__n_views-9__depth_kind-ssi__depth_lambda-0p1,blender,lego,9,depth,fps,2,white,gt,gt,0.0,0.0,1.0,0.0,0.0,0.0,ssi,0.1,7000,0,0,0.0,0.0,1.0,0.0,0.0,0.0,True,depth,91941,"[0, 89, 32, 17, 7, 4, 60, 36, 24]","[0, 8, 16, 24, 32, 40, 48, 56, 64, 72, 80, 88, 96, 104, 112, 120, 128, 136, 144, 152, 160, 168, 176, 184, 192]",9,25,104.44852995872498,"[[500, 25.34087246357219], [1000, 25.595868321837504], [1500, 25.7914917133276], [2000, 25.819237983985722], [2500, 25.822296166847053], [3000, 25.81371352081358], [3500, 25.570357185890643], [4000, 25.549750417129772], [4500, 25.537364404815662], [5000, 25.503493177111096], [5500, 25.45021224224723], [6000, 25.413713237206643], [6500, 25.387273396468025], [7000, 25.3765097795884]]",4.423456892520446,117842,7.0775310280332764e-06,28.64624763477327,0.9377575492858887,0.05188021704554558,0.008802341128850883,0.019829641964433247,0.0023686325006555264,0.9999888630456989,0.007857320468120495,0.019451696916036803,0.0021010099433568007,0.9999888630456989,0.006942615842411959,0.004900394064780795,0.0059215049535963765,0.001010931770672698,59,58362,114.91062569618225,2,0.0,0.0,0.0,3.3155727556045965e-16,1.0,,,,,,,,
stage2_init_loss,lego__init-random__n_views-3__depth_kind-ssi__depth_lambda-0p1,blender,lego,3,random,fps,2,white,gt,gt,0.0,0.0,1.0,0.0,0.0,0.0,ssi,0.1,7000,0,0,0.0,0.0,1.0,0.0,0.0,0.0,True,random,100000,"[0, 89, 32]","[0, 8, 16, 24, 32, 40, 48, 56, 64, 72, 80, 88, 96, 104, 112, 120, 128, 136, 144, 152, 160, 168, 176, 184, 192]",3,25,97.55267119407654,"[[500, 13.628761623205104], [1000, 16.05707554751696], [1500, 15.882533035453127], [2000, 15.74192873102993], [2500, 15.714558863705067], [3000, 15.70341387286946], [3500, 16.207889355325975], [4000, 16.104726325674164], [4500, 16.036051149442766], [5000, 16.003323021881712], [5500, 15.968257215232137], [6000, 15.973738042618024], [6500, 15.965217920041887], [7000, 15.937483412134547]]",4.5367010562599654,43723,7.258721690016551e-06,16.842836661414466,0.7262621855735779,0.2588892471790314,0.07520622767279667,0.14776128175833114,0.019869055215930825,0.9935906563589024,0.08313808767880765,0.14214794563842406,0.02226816062419457,0.9960161917830148,0.05089065873891756,0.008942462741115952,0.029916560740016754,0.1465076660988075,2666,18197,109.27934288978577,2,0.0,0.0,0.0,2.826612643966149e-16,1.0,,,,,,,,
stage2_init_loss,lego__init-random__n_views-9__depth_kind-ssi__depth_lambda-0p1,blender,lego,9,random,fps,2,white,gt,gt,0.0,0.0,1.0,0.0,0.0,0.0,ssi,0.1,7000,0,0,0.0,0.0,1.0,0.0,0.0,0.0,True,random,100000,"[0, 89, 32, 17, 7, 4, 60, 36, 24]","[0, 8, 16, 24, 32, 40, 48, 56, 64, 72, 80, 88, 96, 104, 112, 120, 128, 136, 144, 152, 160, 168, 176, 184, 192]",9,25,100.5720887184143,"[[500, 21.554151398734916], [1000, 23.34623235592729], [1500, 24.135344414302786], [2000, 24.412052347254395], [2500, 24.498933562315454], [3000, 24.5136149401964], [3500, 24.51689562717599], [4000, 24.504408801089923], [4500, 24.484306653872878], [5000, 24.44264409962789], [5500, 24.389748099804162], [6000, 24.370107484445697], [6500, 24.34266559870988], [7000, 24.32460347961925]]",4.423456892520446,74574,7.0775310280332764e-06,26.822101568455633,0.9123984670639038,0.07610349260270595,0.012589190695943234,0.02648145511585607,0.003364706015180757,0.9999861835324052,0.012353681516268103,0.02623474374274533,0.0032943939183692223,0.9999861835324052,0.008113730347538517,0.005247782546013891,0.006680756446776204,0.020744022786776766,721,34757,111.10296034812927,2,0.0,0.0,0.0,3.3155727556045965e-16,1.0,,,,,,,,
stage2_init_loss,lego__init-sfm__n_views-3__depth_kind-ssi__depth_lambda-0p1,blender,lego,3,sfm,fps,2,white,gt,gt,0.0,0.0,1.0,0.0,0.0,0.0,ssi,0.1,7000,0,0,0.0,0.0,1.0,0.0,0.0,0.0,True,sfm,8,"[0, 89, 32]","[0, 8, 16, 24, 32, 40, 48, 56, 64, 72, 80, 88, 96, 104, 112, 120, 128, 136, 144, 152, 160, 168, 176, 184, 192]",3,25,94.25184178352356,"[[500, 12.140355706800706], [1000, 13.896216810198641], [1500, 14.789662591296173], [2000, 14.629987488493214], [2500, 14.56336985103966], [3000, 14.366910707931062], [3500, 16.001197644756417], [4000, 16.010207640144294], [4500, 16.010522437962607], [5000, 15.996752656485766], [5500, 15.972074545338057], [6000, 15.958506307258078], [6500, 15.95153136366231], [7000, 15.950522201962993]]",4.5367010562599654,39882,7.258721690016551e-06,16.40206221409982,0.710229263305664,0.26620053946971894,0.1234815834348197,0.28483708706874306,0.0341304673705782,0.9922985932241734,0.14170009251688687,0.2250970268658457,0.03844656047495878,0.9929703610313458,0.028521532144210215,0.012293050880608744,0.02040729151240948,0.1,612,6120,105.18189477920532,2,0.0,0.0,0.0,2.826612643966149e-16,1.0,8,,,,,,,
stage2_init_loss,lego__init-sfm__n_views-9__depth_kind-ssi__depth_lambda-0p1,blender,lego,9,sfm,fps,2,white,gt,gt,0.0,0.0,1.0,0.0,0.0,0.0,ssi,0.1,7000,0,0,0.0,0.0,1.0,0.0,0.0,0.0,True,sfm,194,"[0, 89, 32, 17, 7, 4, 60, 36, 24]","[0, 8, 16, 24, 32, 40, 48, 56, 64, 72, 80, 88, 96, 104, 112, 120, 128, 136, 144, 152, 160, 168, 176, 184, 192]",9,25,96.18525052070618,"[[500, 17.408119624187428], [1000, 20.684504141137722], [1500, 23.199159180907987], [2000, 23.882597400576778], [2500, 24.17023597741926], [3000, 24.204555742904216], [3500, 24.32534975394196], [4000, 24.306620493821413], [4500, 24.29868820350369], [5000, 24.256863016747587], [5500, 24.220761545473657], [6000, 24.203041339450383], [6500, 24.16286269008392], [7000, 24.162680033778273]]",4.423456892520446,63053,7.0775310280332764e-06,26.899708527297154,0.9132781386375427,0.07426128342747688,0.013090363503643074,0.02688044234569825,0.0035008968080973645,0.9999708609407462,0.012720571669730528,0.02668255910458651,0.0033895516748501135,0.9999708609407462,0.008251677694916899,0.005336005140463591,0.006793841417690245,0.006187624750499002,186,30060,109.35263299942017,2,0.0,0.0,0.0,3.3155727556045965e-16,1.0,194,,,,,,,
stage2_init_loss,ship__init-depth__n_views-3__depth_kind-ssi__depth_lambda-0p1,blender,ship,3,depth,fps,2,white,gt,gt,0.0,0.0,1.0,0.0,0.0,0.0,ssi,0.1,7000,0,0,0.0,0.0,1.0,0.0,0.0,0.0,True,depth,40583,"[0, 57, 44]","[0, 8, 16, 24, 32, 40, 48, 56, 64, 72, 80, 88, 96, 104, 112, 120, 128, 136, 144, 152, 160, 168, 176, 184, 192]",3,25,102.82689929008484,"[[500, 13.683240556532603], [1000, 14.184409115745272], [1500, 14.149876291116506], [2000, 14.122322643383836], [2500, 14.139462916292594], [3000, 14.135628341908415], [3500, 14.507039761014125], [4000, 14.447358026612747], [4500, 14.415377528402646], [5000, 14.411456562338103], [5500, 14.406354381317023], [6000, 14.403488853842529], [6500, 14.408838967321996], [7000, 14.412793377304205]]",4.6792690538806845,84454,7.486830486209686e-06,17.951354980889995,0.7012722015380859,0.24157923877239226,0.07435011686975543,0.23013334474379338,0.021974659525469648,0.9872429802387805,0.0976107030935034,0.16912526363122637,0.02781141397100517,0.9895777256911553,0.011764315352487193,0.009988842075502056,0.010876578713994625,0.0017085398986079602,61,35703,112.55762386322021,2,0.0,0.0,0.0,1.5225728747100584e-16,1.0,,,,,,,,
stage2_init_loss,ship__init-depth__n_views-9__depth_kind-ssi__depth_lambda-0p1,blender,ship,9,depth,fps,2,white,gt,gt,0.0,0.0,1.0,0.0,0.0,0.0,ssi,0.1,7000,0,0,0.0,0.0,1.0,0.0,0.0,0.0,True,depth,139944,"[0, 57, 44, 81, 59, 45, 55, 38, 69]","[0, 8, 16, 24, 32, 40, 48, 56, 64, 72, 80, 88, 96, 104, 112, 120, 128, 136, 144, 152, 160, 168, 176, 184, 192]",9,25,116.21651792526245,"[[500, 23.46371185336305], [1000, 24.18446154400106], [1500, 24.47621559622256], [2000, 24.462950900575123], [2500, 24.59323217014878], [3000, 24.493082595393602], [3500, 24.647829334395027], [4000, 24.7244786065618], [4500, 24.709544108577518], [5000, 24.650596813622613], [5500, 24.67370873415021], [6000, 24.63240262273266], [6500, 24.644641085210573], [7000, 24.641947413364893]]",4.854430358992945,204039,7.767088574389294e-06,24.713042609059436,0.8072563648223877,0.15594404071569443,0.02866369696398886,0.05511526119147625,0.007713697396594187,0.999848054598379,0.026229975799119353,0.05204503163070132,0.0070117596406606844,0.9998512299739086,0.010075629198020913,0.008675736821278405,0.009375683009649659,0.0033705080545229243,204,60525,127.4460551738739,2,0.0,0.0,0.0,2.106731693729852e-16,1.0,,,,,,,,
stage2_init_loss,ship__init-random__n_views-3__depth_kind-ssi__depth_lambda-0p1,blender,ship,3,random,fps,2,white,gt,gt,0.0,0.0,1.0,0.0,0.0,0.0,ssi,0.1,7000,0,0,0.0,0.0,1.0,0.0,0.0,0.0,True,random,100000,"[0, 57, 44]","[0, 8, 16, 24, 32, 40, 48, 56, 64, 72, 80, 88, 96, 104, 112, 120, 128, 136, 144, 152, 160, 168, 176, 184, 192]",3,25,103.97680926322937,"[[500, 9.396379764536922], [1000, 11.873716150238632], [1500, 11.304125505308019], [2000, 11.085086370513366], [2500, 10.937817292306201], [3000, 10.855440139035807], [3500, 11.327551125715498], [4000, 11.216166324948745], [4500, 11.191738799171269], [5000, 11.120602659778378], [5500, 11.110901488409517], [6000, 11.091608218725833], [6500, 11.052250830517549], [7000, 11.038633381569932]]",4.6792690538806845,69633,7.486830486209686e-06,11.874212709381272,0.5859730494022369,0.3923632574081421,0.23965371409924974,0.3874965726305011,0.06133819106469311,0.9282946684730803,0.23350585818000177,0.32740011850662293,0.06274097658719777,0.9712449523821514,0.1895949377913857,0.01624513232130233,0.10292003505634402,0.44287797763733594,7288,16456,126.06146931648254,2,0.0,0.0,0.0,1.5225728747100584e-16,1.0,,,,,,,,
stage2_init_loss,ship__init-random__n_views-9__depth_kind-ssi__depth_lambda-0p1,blender,ship,9,random,fps,2,white,gt,gt,0.0,0.0,1.0,0.0,0.0,0.0,ssi,0.1,7000,0,0,0.0,0.0,1.0,0.0,0.0,0.0,True,random,100000,"[0, 57, 44, 81, 59, 45, 55, 38, 69]","[0, 8, 16, 24, 32, 40, 48, 56, 64, 72, 80, 88, 96, 104, 112, 120, 128, 136, 144, 152, 160, 168, 176, 184, 192]",9,25,105.88571667671204,"[[500, 17.843788500925765], [1000, 23.859714018803864], [1500, 24.296120250044005], [2000, 24.192671352738934], [2500, 24.320611633565242], [3000, 24.194612830422233], [3500, 24.50827235891957], [4000, 24.55166173805467], [4500, 24.4315342688719], [5000, 24.34392228407154], [5500, 24.323791569731824], [6000, 24.272509804142683], [6500, 24.27606565518638], [7000, 24.236024440409842]]",4.854430358992945,98958,7.767088574389294e-06,22.90353988175085,0.8011655998229981,0.18093188017606734,0.03197416009113319,0.06452635254692712,0.008509561118166784,0.9990797729286759,0.028917162750415226,0.0602820366535072,0.0076434939921701936,0.9990567232355562,0.023524816191049475,0.00814659848713255,0.015835707339091013,0.14140383110475996,4156,29391,117.5030632019043,2,0.0,0.0,0.0,2.106731693729852e-16,1.0,,,,,,,,
stage2_init_loss,ship__init-sfm__n_views-3__depth_kind-ssi__depth_lambda-0p1,blender,ship,3,sfm,fps,2,white,gt,gt,0.0,0.0,1.0,0.0,0.0,0.0,ssi,0.1,7000,0,0,0.0,0.0,1.0,0.0,0.0,0.0,True,sfm,10,"[0, 57, 44]","[0, 8, 16, 24, 32, 40, 48, 56, 64, 72, 80, 88, 96, 104, 112, 120, 128, 136, 144, 152, 160, 168, 176, 184, 192]",3,25,95.18679022789001,"[[500, 11.94665781551764], [1000, 13.38673807409819], [1500, 13.46566419362832], [2000, 12.793917081150703], [2500, 12.464968254462587], [3000, 12.231867240900792], [3500, 12.389043098263732], [4000, 12.335586601992519], [4500, 12.314208545571415], [5000, 12.27881093279387], [5500, 12.257856900304116], [6000, 12.240861120577739], [6500, 12.217905008148264], [7000, 12.215933413045065]]",4.6792690538806845,41186,7.486830486209686e-06,14.842015427692775,0.6094997692108154,0.3373346167802811,0.0944680943083365,0.19404452315673024,0.025407189890877806,0.9899975454633178,0.09907051226389768,0.1857869857971794,0.026496892797011937,0.9915149780307426,0.0409028454707403,0.01122993345235872,0.02606638946154951,0.18116529595737288,3128,17266,106.46573996543884,2,0.0,0.0,0.0,1.5225728747100584e-16,1.0,10,,,,,,,
stage2_init_loss,ship__init-sfm__n_views-9__depth_kind-ssi__depth_lambda-0p1,blender,ship,9,sfm,fps,2,white,gt,gt,0.0,0.0,1.0,0.0,0.0,0.0,ssi,0.1,7000,0,0,0.0,0.0,1.0,0.0,0.0,0.0,True,sfm,231,"[0, 57, 44, 81, 59, 45, 55, 38, 69]","[0, 8, 16, 24, 32, 40, 48, 56, 64, 72, 80, 88, 96, 104, 112, 120, 128, 136, 144, 152, 160, 168, 176, 184, 192]",9,25,101.12277340888977,"[[500, 16.640177241035623], [1000, 22.31854767540309], [1500, 24.137103760262498], [2000, 24.375927421398995], [2500, 24.74300493099112], [3000, 24.655740502114533], [3500, 24.975652091261452], [4000, 25.05424654878983], [4500, 25.02088461338264], [5000, 24.947794565685307], [5500, 24.952502247617936], [6000, 24.910524607877626], [6500, 24.936405185639806], [7000, 24.937495979535555]]",4.854430358992945,80433,7.767088574389294e-06,24.684543542182652,0.8118053007125855,0.16652280122041702,0.026179030844571422,0.04418794325673352,0.007030778616167027,0.9999675885936489,0.02323481373132263,0.04091656343068285,0.006188464745804637,0.9999662423174347,0.011428077675258332,0.007874869280862543,0.009651473478060437,0.03573450561161621,1073,30027,113.60391092300415,2,0.0,0.0,0.0,2.106731693729852e-16,1.0,231,,,,,,,
stage2_lambda,chair__init-depth__n_views-3__depth_kind-absolute__depth_lambda-0p03,blender,chair,3,depth,fps,2,white,gt,gt,0.0,0.0,1.0,0.0,0.0,0.0,absolute,0.03,7000,0,0,0.0,0.0,1.0,0.0,0.0,0.0,True,depth,19669,"[0, 32, 6]","[0, 8, 16, 24, 32, 40, 48, 56, 64, 72, 80, 88, 96, 104, 112, 120, 128, 136, 144, 152, 160, 168, 176, 184, 192]",3,25,88.62864708900452,"[[500, 24.823620420969824], [1000, 24.87554245240343], [1500, 25.012070581623718], [2000, 25.043388718944414], [2500, 25.079123409912942], [3000, 25.133732186703398], [3500, 24.96702733742023], [4000, 24.9724060343846], [4500, 24.975473990589656], [5000, 24.956063454878304], [5500, 24.96712036782911], [6000, 24.957047688697095], [6500, 24.958292784220045], [7000, 24.952288458076573]]",4.306069181176648,38821,6.889710689883167e-06,23.166479333923636,0.8823569059371948,0.10167777203023434,0.05855703425430812,0.2796626158089367,0.01546087319500813,0.9907946209622535,0.10519771462472882,0.1700719190579668,0.02795727178366406,0.9950377697184849,0.010611373440440885,0.005482764076723681,0.008047068758582283,0.002043747238179408,37,18104,98.58573484420776,2,0.0,0.0,0.0,4.1428160423524487e-16,1.0,,,,,,,,
stage2_lambda,chair__init-depth__n_views-3__depth_kind-absolute__depth_lambda-0p1,blender,chair,3,depth,fps,2,white,gt,gt,0.0,0.0,1.0,0.0,0.0,0.0,absolute,0.1,7000,0,0,0.0,0.0,1.0,0.0,0.0,0.0,True,depth,19669,"[0, 32, 6]","[0, 8, 16, 24, 32, 40, 48, 56, 64, 72, 80, 88, 96, 104, 112, 120, 128, 136, 144, 152, 160, 168, 176, 184, 192]",3,25,88.62640976905823,"[[500, 24.873787875380692], [1000, 24.374658788660454], [1500, 24.626524507289567], [2000, 24.678367283122697], [2500, 24.729937610803262], [3000, 24.7200036295333], [3500, 24.26321447913875], [4000, 24.306170867178576], [4500, 24.31600359507424], [5000, 24.29935451615389], [5500, 24.304085449235494], [6000, 24.305373201305642], [6500, 24.311336686879002], [7000, 24.3220851573387]]",4.306069181176648,38031,6.889710689883167e-06,22.72088022441683,0.8803222751617432,0.10459961086511611,0.07588560328715815,0.33481696049515675,0.02022902913267831,0.9862873278382619,0.1207291300035492,0.1875694781969891,0.032100129014545314,0.9944513395573318,0.011226947371111096,0.005574156679977756,0.008400552025544426,0.000900360144057623,15,16660,98.51426601409912,2,0.0,0.0,0.0,4.1428160423524487e-16,1.0,,,,,,,,
stage2_lambda,chair__init-depth__n_views-3__depth_kind-absolute__depth_lambda-0p3,blender,chair,3,depth,fps,2,white,gt,gt,0.0,0.0,1.0,0.0,0.0,0.0,absolute,0.3,7000,0,0,0.0,0.0,1.0,0.0,0.0,0.0,True,depth,19669,"[0, 32, 6]","[0, 8, 16, 24, 32, 40, 48, 56, 64, 72, 80, 88, 96, 104, 112, 120, 128, 136, 144, 152, 160, 168, 176, 184, 192]",3,25,88.84269213676453,"[[500, 24.663415898253348], [1000, 24.210304609980938], [1500, 24.598828563559373], [2000, 24.674582019602525], [2500, 24.710265092843297], [3000, 24.725837192356497], [3500, 24.153087169279004], [4000, 24.199227064819787], [4500, 24.230563056064764], [5000, 24.23950496798281], [5500, 24.236257181664143], [6000, 24.23944689403799], [6500, 24.231986187764395], [7000, 24.22748543617174]]",4.306069181176648,36752,6.889710689883167e-06,22.228805357886863,0.8764731884002686,0.10844267390668393,0.09031333522779471,0.37812710905665253,0.02396338715880675,0.9827063976820289,0.13342861928306943,0.20302821128899043,0.035429366198375944,0.9940822238102536,0.011463329913512971,0.005934077467758392,0.008698703690635683,0.000271370420624152,4,14740,98.87165474891663,2,0.0,0.0,0.0,4.1428160423524487e-16,1.0,,,,,,,,
stage2_lambda,chair__init-depth__n_views-3__depth_kind-absolute__depth_lambda-1p0,blender,chair,3,depth,fps,2,white,gt,gt,0.0,0.0,1.0,0.0,0.0,0.0,absolute,1.0,7000,0,0,0.0,0.0,1.0,0.0,0.0,0.0,True,depth,19669,"[0, 32, 6]","[0, 8, 16, 24, 32, 40, 48, 56, 64, 72, 80, 88, 96, 104, 112, 120, 128, 136, 144, 152, 160, 168, 176, 184, 192]",3,25,91.26230072975159,"[[500, 24.32729664458996], [1000, 24.20709902763859], [1500, 24.5939951854645], [2000, 24.668742328164736], [2500, 24.735174048329924], [3000, 24.75142020665802], [3500, 24.408665654882213], [4000, 24.5047034559265], [4500, 24.54196646427051], [5000, 24.53753088958569], [5500, 24.547698750736245], [6000, 24.533371179167347], [6500, 24.517681959142543], [7000, 24.52803543556266]]",4.306069181176648,45871,6.889710689883167e-06,22.332535452047512,0.8774735188484192,0.10834545731544494,0.08344059864488605,0.3550710716464823,0.022143527670550896,0.9832253099649358,0.12513774323845253,0.19415127541730645,0.03324524319139511,0.992928639222691,0.011861510076253384,0.0056425369072547775,0.008752023491754081,0.0010640420296601715,16,15037,101.43482542037964,2,0.0,0.0,0.0,4.1428160423524487e-16,1.0,,,,,,,,
stage2_lambda,chair__init-depth__n_views-3__depth_kind-pearson__depth_lambda-0p03,blender,chair,3,depth,fps,2,white,gt,gt,0.0,0.0,1.0,0.0,0.0,0.0,pearson,0.03,7000,0,0,0.0,0.0,1.0,0.0,0.0,0.0,True,depth,19669,"[0, 32, 6]","[0, 8, 16, 24, 32, 40, 48, 56, 64, 72, 80, 88, 96, 104, 112, 120, 128, 136, 144, 152, 160, 168, 176, 184, 192]",3,25,90.80871605873108,"[[500, 24.56981846139674], [1000, 24.163270356281764], [1500, 24.028199041266706], [2000, 23.98052247605614], [2500, 23.95670442809035], [3000, 23.95576824671249], [3500, 24.01157774880724], [4000, 23.978633475922457], [4500, 23.937239181044625], [5000, 23.900090965397865], [5500, 23.87475127128453], [6000, 23.85486727008309], [6500, 23.836658835426903], [7000, 23.805493047032023]]",4.306069181176648,38130,6.889710689883167e-06,21.827330181198093,0.8646511125564575,0.11561666034162045,0.07257159759732237,0.2641166663164688,0.01886214599020191,0.9915896716338611,0.10943146145552678,0.17504443669790176,0.029086856349531533,0.9936826394478229,0.022543184861311776,0.007410381920997119,0.014976783391154448,0.013481317915044453,232,17209,101.22088503837585,2,0.0,0.0,0.0,4.1428160423524487e-16,1.0,,,,,,,,
stage2_lambda,chair__init-depth__n_views-3__depth_kind-pearson__depth_lambda-0p1,blender,chair,3,depth,fps,2,white,gt,gt,0.0,0.0,1.0,0.0,0.0,0.0,pearson,0.1,7000,0,0,0.0,0.0,1.0,0.0,0.0,0.0,True,depth,19669,"[0, 32, 6]","[0, 8, 16, 24, 32, 40, 48, 56, 64, 72, 80, 88, 96, 104, 112, 120, 128, 136, 144, 152, 160, 168, 176, 184, 192]",3,25,91.27499437332153,"[[500, 24.624033405548985], [1000, 23.17643472240123], [1500, 22.72754475873088], [2000, 22.99332927734645], [2500, 23.309678968066844], [3000, 23.40746468778209], [3500, 22.528802410145705], [4000, 22.77389327014597], [4500, 23.081744955332326], [5000, 23.163279648814566], [5500, 23.182581269565347], [6000, 23.20314367446135], [6500, 23.22967344583866], [7000, 23.27497573576862]]",4.306069181176648,36082,6.889710689883167e-06,21.384580585573737,0.8575651121139526,0.124948800355196,0.08122792461337318,0.25748420980829306,0.021343025952828,0.9910836390570088,0.10937724822912444,0.17576706384906804,0.02901763841570025,0.9943742526844059,0.030979636870696402,0.008278707852488874,0.019629172361592638,0.011781646812410002,180,15278,102.36452555656433,2,0.0,0.0,0.0,4.1428160423524487e-16,1.0,,,,,,,,
stage2_lambda,chair__init-depth__n_views-3__depth_kind-pearson__depth_lambda-0p3,blender,chair,3,depth,fps,2,white,gt,gt,0.0,0.0,1.0,0.0,0.0,0.0,pearson,0.3,7000,0,0,0.0,0.0,1.0,0.0,0.0,0.0,True,depth,19669,"[0, 32, 6]","[0, 8, 16, 24, 32, 40, 48, 56, 64, 72, 80, 88, 96, 104, 112, 120, 128, 136, 144, 152, 160, 168, 176, 184, 192]",3,25,91.4907443523407,"[[500, 24.62715294835829], [1000, 21.431354106181082], [1500, 21.971910957271145], [2000, 22.144956309867133], [2500, 22.188544078370576], [3000, 22.197040678160437], [3500, 21.072434734332674], [4000, 21.096631739459927], [4500, 21.194616494595646], [5000, 21.350566766243467], [5500, 21.372519184918378], [6000, 21.385662494724478], [6500, 21.405575411100187], [7000, 21.42778483737042]]",4.306069181176648,32973,6.889710689883167e-06,19.72551912556716,0.8280389928817748,0.16853673622012139,0.13887377775628917,0.2993143664557052,0.0364666678498016,0.9790368368374142,0.13288175627713222,0.19809322933358828,0.035236049360690275,0.9929776965990115,0.07966951971833071,0.011651839482725296,0.045660679600528005,0.057048599935629225,709,12428,104.84631514549255,2,0.0,0.0,0.0,4.1428160423524487e-16,1.0,,,,,,,,
stage2_lambda,chair__init-depth__n_views-3__depth_kind-pearson__depth_lambda-1p0,blender,chair,3,depth,fps,2,white,gt,gt,0.0,0.0,1.0,0.0,0.0,0.0,pearson,1.0,7000,0,0,0.0,0.0,1.0,0.0,0.0,0.0,True,depth,19669,"[0, 32, 6]","[0, 8, 16, 24, 32, 40, 48, 56, 64, 72, 80, 88, 96, 104, 112, 120, 128, 136, 144, 152, 160, 168, 176, 184, 192]",3,25,90.37594795227051,"[[500, 24.473640308062297], [1000, 18.8819217262866], [1500, 18.76659412595879], [2000, 18.598438033812013], [2500, 18.556077056483474], [3000, 18.505869832879977], [3500, 18.326757980805354], [4000, 18.180470462973183], [4500, 18.196950956060363], [5000, 18.217095612366787], [5500, 18.209957351658733], [6000, 18.20994788269736], [6500, 18.197046150003054], [7000, 18.198625216612452]]",4.306069181176648,25319,6.889710689883167e-06,16.133615106410222,0.7457693028450012,0.3048579132556915,0.4416199666405421,0.598800338771456,0.11573805770342366,0.8136546350445745,0.20258426022033307,0.26859839349724507,0.053572299469937495,0.986472857197734,0.406394707911244,0.02014477946059355,0.21326974368591878,0.6069537416325307,6075,10009,125.20447301864624,2,0.0,0.0,0.0,4.1428160423524487e-16,1.0,,,,,,,,
stage2_lambda,chair__init-depth__n_views-3__depth_kind-ssi__depth_lambda-0p03,blender,chair,3,depth,fps,2,white,gt,gt,0.0,0.0,1.0,0.0,0.0,0.0,ssi,0.03,7000,0,0,0.0,0.0,1.0,0.0,0.0,0.0,True,depth,19669,"[0, 32, 6]","[0, 8, 16, 24, 32, 40, 48, 56, 64, 72, 80, 88, 96, 104, 112, 120, 128, 136, 144, 152, 160, 168, 176, 184, 192]",3,25,99.62082982063293,"[[500, 24.83723627361161], [1000, 24.81778427423001], [1500, 24.960413483549026], [2000, 24.95552691101034], [2500, 24.975714441813146], [3000, 24.95950770981692], [3500, 24.6379192794553], [4000, 24.557759466877783], [4500, 24.566048702646714], [5000, 24.55800193143689], [5500, 24.57919876214693], [6000, 24.68907215049969], [6500, 24.74619429489703], [7000, 24.734687923659983]]",4.306069181176648,38153,6.889710689883167e-06,22.762169727664478,0.8755065488815308,0.10673859231173992,0.05208571221610732,0.22124989612380322,0.013688900495894963,0.9939935396415427,0.09010877057242425,0.15534148559099525,0.02390918873353807,0.9949997289664614,0.014260701472802527,0.006170780934676338,0.010215741203739432,0.0033139069820591932,58,17502,109.94366073608398,2,0.0,0.0,0.0,4.1428160423524487e-16,1.0,,,,,,,,
stage2_lambda,chair__init-depth__n_views-3__depth_kind-ssi__depth_lambda-0p1,blender,chair,3,depth,fps,2,white,gt,gt,0.0,0.0,1.0,0.0,0.0,0.0,ssi,0.1,7000,0,0,0.0,0.0,1.0,0.0,0.0,0.0,True,depth,19669,"[0, 32, 6]","[0, 8, 16, 24, 32, 40, 48, 56, 64, 72, 80, 88, 96, 104, 112, 120, 128, 136, 144, 152, 160, 168, 176, 184, 192]",3,25,95.76373553276062,"[[500, 25.045416880575157], [1000, 24.461175924527353], [1500, 24.713221982975615], [2000, 24.591735185864152], [2500, 24.599592927707562], [3000, 24.50266449654612], [3500, 24.37240752479999], [4000, 24.62848829716779], [4500, 24.730883564713803], [5000, 24.750090656127483], [5500, 24.753564021882152], [6000, 24.769723588766123], [6500, 24.799959412783824], [7000, 24.815916414421437]]",4.306069181176648,36708,6.889710689883167e-06,22.789678480346264,0.8760783958435059,0.10646804168820381,0.04949490528166623,0.21358096134076596,0.013127504796738094,0.9941188964099017,0.08663992362583688,0.14822312374320146,0.023047964809310727,0.9952293230622682,0.012900341443910082,0.005711540055286147,0.009305940749598115,0.0033672172808132147,53,15740,105.63485407829285,2,0.0,0.0,0.0,4.1428160423524487e-16,1.0,,,,,,,,
stage2_lambda,chair__init-depth__n_views-3__depth_kind-ssi__depth_lambda-0p3,blender,chair,3,depth,fps,2,white,gt,gt,0.0,0.0,1.0,0.0,0.0,0.0,ssi,0.3,7000,0,0,0.0,0.0,1.0,0.0,0.0,0.0,True,depth,19669,"[0, 32, 6]","[0, 8, 16, 24, 32, 40, 48, 56, 64, 72, 80, 88, 96, 104, 112, 120, 128, 136, 144, 152, 160, 168, 176, 184, 192]",3,25,96.40431261062622,"[[500, 24.75845359590439], [1000, 23.519711763324388], [1500, 24.19498110263485], [2000, 24.49449617266525], [2500, 24.641677971593598], [3000, 24.665405524546397], [3500, 23.18065159368279], [4000, 23.316098821412385], [4500, 23.722765585843483], [5000, 23.821793455182036], [5500, 23.85685721930907], [6000, 23.881175732861415], [6500, 23.901504623930506], [7000, 23.899505871764294]]",4.306069181176648,36034,6.889710689883167e-06,21.971683142073505,0.8670807814598084,0.11582333192229272,0.07094526028862587,0.2606039512358587,0.01849563434657076,0.9907818440536101,0.10806952855221523,0.17407775777961093,0.028696192413299973,0.993831833956898,0.02070705416849876,0.0069916714917961885,0.013849362830147474,0.006559031281533804,91,13874,106.7505190372467,2,0.0,0.0,0.0,4.1428160423524487e-16,1.0,,,,,,,,
stage2_lambda,chair__init-depth__n_views-3__depth_kind-ssi__depth_lambda-1p0,blender,chair,3,depth,fps,2,white,gt,gt,0.0,0.0,1.0,0.0,0.0,0.0,ssi,1.0,7000,0,0,0.0,0.0,1.0,0.0,0.0,0.0,True,depth,19669,"[0, 32, 6]","[0, 8, 16, 24, 32, 40, 48, 56, 64, 72, 80, 88, 96, 104, 112, 120, 128, 136, 144, 152, 160, 168, 176, 184, 192]",3,25,99.35152816772461,"[[500, 24.53142052287678], [1000, 22.137938402183064], [1500, 22.986095594765], [2000, 23.140385817480997], [2500, 23.14786030938695], [3000, 23.151412039023572], [3500, 21.664075276648877], [4000, 21.715857127289905], [4500, 21.680551436466583], [5000, 21.629072153763985], [5500, 21.55839167390709], [6000, 21.548718669406313], [6500, 21.519079099105767], [7000, 21.520232468506116]]",4.306069181176648,48578,6.889710689883167e-06,19.4494671382108,0.8189396333694458,0.17941557079553605,0.15790493320223484,0.35036825319630593,0.041142232009159486,0.9669127140872608,0.14940681757944016,0.21736889939914825,0.03981210550004084,0.9907412681679152,0.09781842810288519,0.011564405629365499,0.054691416866125345,0.10822991055952298,1561,14423,113.38841915130615,2,0.0,0.0,0.0,4.1428160423524487e-16,1.0,,,,,,,,
stage2_lambda,chair__init-depth__n_views-9__depth_kind-absolute__depth_lambda-0p03,blender,chair,9,depth,fps,2,white,gt,gt,0.0,0.0,1.0,0.0,0.0,0.0,absolute,0.03,7000,0,0,0.0,0.0,1.0,0.0,0.0,0.0,True,depth,68444,"[0, 32, 6, 2, 39, 90, 38, 59, 80]","[0, 8, 16, 24, 32, 40, 48, 56, 64, 72, 80, 88, 96, 104, 112, 120, 128, 136, 144, 152, 160, 168, 176, 184, 192]",9,25,95.27624773979187,"[[500, 31.425652963399358], [1000, 31.559456266377524], [1500, 32.1183795182912], [2000, 32.51018094519418], [2500, 32.437967623291726], [3000, 32.42754052388522], [3500, 32.55705969031928], [4000, 32.52955104681585], [4500, 32.49920322248573], [5000, 32.474487330431856], [5500, 32.41376098433079], [6000, 32.41813090325779], [6500, 32.35037165718534], [7000, 32.41010063659758]]",4.587113632433774,85029,7.339381811894599e-06,29.832083689638754,0.9563287544250488,0.03687062442302704,0.01140713407236066,0.03933240203367503,0.002998528033320275,0.9995062167393004,0.01365124354196504,0.03817663577660585,0.00359584045925507,0.999568923722926,0.006300131651529717,0.00421088912044177,0.005255510385985743,0.00810703727408491,266,32811,105.84020233154297,2,0.0,0.0,0.0,3.782792275659672e-16,1.0,,,,,,,,
stage2_lambda,chair__init-depth__n_views-9__depth_kind-absolute__depth_lambda-0p1,blender,chair,9,depth,fps,2,white,gt,gt,0.0,0.0,1.0,0.0,0.0,0.0,absolute,0.1,7000,0,0,0.0,0.0,1.0,0.0,0.0,0.0,True,depth,68444,"[0, 32, 6, 2, 39, 90, 38, 59, 80]","[0, 8, 16, 24, 32, 40, 48, 56, 64, 72, 80, 88, 96, 104, 112, 120, 128, 136, 144, 152, 160, 168, 176, 184, 192]",9,25,95.50716423988342,"[[500, 31.643728215075086], [1000, 31.748032159475017], [1500, 32.39105047956727], [2000, 32.91027096945231], [2500, 32.839245957677946], [3000, 32.75384782653529], [3500, 32.841778430524094], [4000, 32.80452844238623], [4500, 32.85424992812623], [5000, 32.84821014986456], [5500, 32.8344908600863], [6000, 32.77739707457132], [6500, 32.746782438718405], [7000, 32.80109187437353]]",4.587113632433774,85939,7.339381811894599e-06,30.115559270041267,0.9589058423042297,0.03546418011188507,0.01140187612898489,0.06348856453206554,0.0030436929979556515,0.99866144645969,0.024781684270288273,0.05397605918926624,0.0065044029628904656,0.9991292355492203,0.005361291869028971,0.0038386463071731864,0.004599969088101079,0.005040476554146938,165,32735,105.82685589790344,2,0.0,0.0,0.0,3.782792275659672e-16,1.0,,,,,,,,
stage2_lambda,chair__init-depth__n_views-9__depth_kind-absolute__depth_lambda-0p3,blender,chair,9,depth,fps,2,white,gt,gt,0.0,0.0,1.0,0.0,0.0,0.0,absolute,0.3,7000,0,0,0.0,0.0,1.0,0.0,0.0,0.0,True,depth,68444,"[0, 32, 6, 2, 39, 90, 38, 59, 80]","[0, 8, 16, 24, 32, 40, 48, 56, 64, 72, 80, 88, 96, 104, 112, 120, 128, 136, 144, 152, 160, 168, 176, 184, 192]",9,25,95.88405203819275,"[[500, 31.762984716081988], [1000, 31.695685511634167], [1500, 32.564231417000826], [2000, 33.21263999197302], [2500, 33.09959319722306], [3000, 33.04253613644814], [3500, 33.14892443330999], [4000, 33.16915806328689], [4500, 33.180443646706934], [5000, 33.16084651296859], [5500, 33.11911432527103], [6000, 33.05150941851421], [6500, 33.05594335500691], [7000, 33.12067156211424]]",4.587113632433774,85139,7.339381811894599e-06,30.187698688582373,0.9590882968902588,0.037040865048766136,0.010491253939799683,0.06379668623309388,0.0027958736208191764,0.9986819107129636,0.02581469557689477,0.05363185581329925,0.006771036894456873,0.9992054775002268,0.004874187823552253,0.003662017121364229,0.004268102472458241,0.002066725715972837,63,30483,106.10721564292908,2,0.0,0.0,0.0,3.782792275659672e-16,1.0,,,,,,,,
stage2_lambda,chair__init-depth__n_views-9__depth_kind-absolute__depth_lambda-1p0,blender,chair,9,depth,fps,2,white,gt,gt,0.0,0.0,1.0,0.0,0.0,0.0,absolute,1.0,7000,0,0,0.0,0.0,1.0,0.0,0.0,0.0,True,depth,68444,"[0, 32, 6, 2, 39, 90, 38, 59, 80]","[0, 8, 16, 24, 32, 40, 48, 56, 64, 72, 80, 88, 96, 104, 112, 120, 128, 136, 144, 152, 160, 168, 176, 184, 192]",9,25,97.00132250785828,"[[500, 31.548583295946695], [1000, 30.484745801015137], [1500, 32.11919639285875], [2000, 33.17074660656169], [2500, 33.15876452333613], [3000, 33.13516859436493], [3500, 32.545844777937376], [4000, 32.95879877899911], [4500, 33.062617178038934], [5000, 33.04828598297238], [5500, 33.01259891870375], [6000, 32.910445537941456], [6500, 32.93193364536122], [7000, 33.00688051658894]]",4.587113632433774,92084,7.339381811894599e-06,29.34268084128713,0.9550204586982727,0.04772221833467483,0.012730139674819485,0.09686837436363259,0.0033834799260134035,0.9979706233865628,0.037618268913235595,0.07858983232958253,0.009954606310402386,0.9985802168627196,0.004763541234039632,0.003715097498451524,0.004239319366245578,0.0018234737174317075,52,28517,107.28022241592407,2,0.0,0.0,0.0,3.782792275659672e-16,1.0,,,,,,,,
stage2_lambda,chair__init-depth__n_views-9__depth_kind-pearson__depth_lambda-0p03,blender,chair,9,depth,fps,2,white,gt,gt,0.0,0.0,1.0,0.0,0.0,0.0,pearson,0.03,7000,0,0,0.0,0.0,1.0,0.0,0.0,0.0,True,depth,68444,"[0, 32, 6, 2, 39, 90, 38, 59, 80]","[0, 8, 16, 24, 32, 40, 48, 56, 64, 72, 80, 88, 96, 104, 112, 120, 128, 136, 144, 152, 160, 168, 176, 184, 192]",9,25,98.28631162643433,"[[500, 31.338479758160133], [1000, 31.414577344055722], [1500, 31.8432111493853], [2000, 32.2135029698511], [2500, 32.16541432344569], [3000, 32.1140464053959], [3500, 32.03715858389502], [4000, 31.974429984075364], [4500, 31.927380966322715], [5000, 31.917738559371987], [5500, 31.876132837807223], [6000, 31.832307814108834], [6500, 31.80617177950656], [7000, 31.82080157376025]]",4.587113632433774,81725,7.339381811894599e-06,29.288298723390355,0.9520525288581848,0.04050522707402706,0.017381846939835487,0.05731522322551411,0.004561697600208637,0.9987761013241644,0.021518958984048844,0.05418347176534203,0.0056880162826317485,0.998914931768409,0.008821321033662231,0.004831386017350565,0.006826353525506397,0.013101415849830227,409,31218,108.84415578842163,2,0.0,0.0,0.0,3.782792275659672e-16,1.0,,,,,,,,
stage2_lambda,chair__init-depth__n_views-9__depth_kind-pearson__depth_lambda-0p1,blender,chair,9,depth,fps,2,white,gt,gt,0.0,0.0,1.0,0.0,0.0,0.0,pearson,0.1,7000,0,0,0.0,0.0,1.0,0.0,0.0,0.0,True,depth,68444,"[0, 32, 6, 2, 39, 90, 38, 59, 80]","[0, 8, 16, 24, 32, 40, 48, 56, 64, 72, 80, 88, 96, 104, 112, 120, 128, 136, 144, 152, 160, 168, 176, 184, 192]",9,25,98.02921652793884,"[[500, 31.485693399964532], [1000, 31.06422152058806], [1500, 31.629906577863835], [2000, 32.07005765812699], [2500, 32.03381868913213], [3000, 31.99740327544881], [3500, 31.348672019500565], [4000, 31.516585516532235], [4500, 31.541333120135885], [5000, 31.60856177766875], [5500, 31.585243141576164], [6000, 31.56140957120779], [6500, 31.519834224610953], [7000, 31.553692992133634]]",4.587113632433774,78860,7.339381811894599e-06,29.308416317927808,0.9506632471084595,0.04044744066894054,0.015502258475202105,0.03791926663458877,0.004066590986063667,0.9993137267600083,0.014931184394773988,0.03633452339520096,0.00392927136074332,0.9993638876546375,0.008010471649702235,0.004863637825327027,0.00643705473751463,0.013414179736458792,396,29521,108.57546710968018,2,0.0,0.0,0.0,3.782792275659672e-16,1.0,,,,,,,,
stage2_lambda,chair__init-depth__n_views-9__depth_kind-pearson__depth_lambda-0p3,blender,chair,9,depth,fps,2,white,gt,gt,0.0,0.0,1.0,0.0,0.0,0.0,pearson,0.3,7000,0,0,0.0,0.0,1.0,0.0,0.0,0.0,True,depth,68444,"[0, 32, 6, 2, 39, 90, 38, 59, 80]","[0, 8, 16, 24, 32, 40, 48, 56, 64, 72, 80, 88, 96, 104, 112, 120, 128, 136, 144, 152, 160, 168, 176, 184, 192]",9,25,98.43738389015198,"[[500, 31.646050417196314], [1000, 28.261597178198038], [1500, 30.64265744139922], [2000, 31.78869386823067], [2500, 32.12004554086532], [3000, 32.12171221147277], [3500, 30.597292033122237], [4000, 31.275771089328668], [4500, 31.417755233086083], [5000, 31.53756355625814], [5500, 31.552758151941376], [6000, 31.54257782875016], [6500, 31.493080884254116], [7000, 31.553443267842262]]",4.587113632433774,75902,7.339381811894599e-06,29.107885577781254,0.9486183333396911,0.04371222920715809,0.01576676949405567,0.036531621600981105,0.004134524906802698,0.9996012924936512,0.014881537588270441,0.034586812071796945,0.00393015859715774,0.999629535348094,0.009888052425867867,0.004796332406534118,0.007342192416200993,0.026085278796064055,676,25915,109.10582876205444,2,0.0,0.0,0.0,3.782792275659672e-16,1.0,,,,,,,,
stage2_lambda,chair__init-depth__n_views-9__depth_kind-pearson__depth_lambda-1p0,blender,chair,9,depth,fps,2,white,gt,gt,0.0,0.0,1.0,0.0,0.0,0.0,pearson,1.0,7000,0,0,0.0,0.0,1.0,0.0,0.0,0.0,True,depth,68444,"[0, 32, 6, 2, 39, 90, 38, 59, 80]","[0, 8, 16, 24, 32, 40, 48, 56, 64, 72, 80, 88, 96, 104, 112, 120, 128, 136, 144, 152, 160, 168, 176, 184, 192]",9,25,101.06228470802307,"[[500, 31.68273333819955], [1000, 21.150865247803818], [1500, 23.091502979718957], [2000, 22.423081357623104], [2500, 21.924908192166633], [3000, 21.555267681342013], [3500, 20.600143214682127], [4000, 21.100521814234973], [4500, 21.121380786018563], [5000, 21.05641638487829], [5500, 21.068831312329785], [6000, 21.0579696238427], [6500, 21.058826021787922], [7000, 21.04118307667713]]",4.587113632433774,78267,7.339381811894599e-06,21.3777061552654,0.8782074785232544,0.15908270448446274,0.374139331726598,0.4736651466529338,0.09946456532999651,0.7888603587326359,0.14394260618737031,0.1993748872096704,0.0388614541293222,0.9903696287588037,0.4408550608080795,0.014109443612689093,0.22748225221038432,0.21309598763665502,3723,17471,125.0449960231781,2,0.0,0.0,0.0,3.782792275659672e-16,1.0,,,,,,,,
stage2_lambda,chair__init-depth__n_views-9__depth_kind-ssi__depth_lambda-0p03,blender,chair,9,depth,fps,2,white,gt,gt,0.0,0.0,1.0,0.0,0.0,0.0,ssi,0.03,7000,0,0,0.0,0.0,1.0,0.0,0.0,0.0,True,depth,68444,"[0, 32, 6, 2, 39, 90, 38, 59, 80]","[0, 8, 16, 24, 32, 40, 48, 56, 64, 72, 80, 88, 96, 104, 112, 120, 128, 136, 144, 152, 160, 168, 176, 184, 192]",9,25,103.25354337692261,"[[500, 31.484713827951044], [1000, 31.598287269792376], [1500, 32.17488920571203], [2000, 32.54337261923253], [2500, 32.51692277645033], [3000, 32.48766150680157], [3500, 32.46810817220828], [4000, 32.43198664518902], [4500, 32.425376442810176], [5000, 32.38543113891278], [5500, 32.3578376732861], [6000, 32.27917296202166], [6500, 32.24723476339108], [7000, 32.24606210990383]]",4.587113632433774,82636,7.339381811894599e-06,29.742872465634957,0.9549055242538452,0.0378058373555541,0.0121486343434129,0.033440160145458336,0.003193234752000598,0.9996402257632062,0.011785825307482728,0.03262337072245562,0.0031055084686990083,0.9996612909215247,0.006775545231094714,0.004437982472728213,0.005606763851911464,0.010485546948800302,333,31758,113.58551955223083,2,0.0,0.0,0.0,3.782792275659672e-16,1.0,,,,,,,,
stage2_lambda,chair__init-depth__n_views-9__depth_kind-ssi__depth_lambda-0p1,blender,chair,9,depth,fps,2,white,gt,gt,0.0,0.0,1.0,0.0,0.0,0.0,ssi,0.1,7000,0,0,0.0,0.0,1.0,0.0,0.0,0.0,True,depth,68444,"[0, 32, 6, 2, 39, 90, 38, 59, 80]","[0, 8, 16, 24, 32, 40, 48, 56, 64, 72, 80, 88, 96, 104, 112, 120, 128, 136, 144, 152, 160, 168, 176, 184, 192]",9,25,102.86770462989807,"[[500, 31.715243894810623], [1000, 31.67690978912868], [1500, 32.20062914870858], [2000, 32.69343204917945], [2500, 32.61102101023753], [3000, 32.57075341117468], [3500, 32.28433223398438], [4000, 32.30085488368591], [4500, 32.331432761479206], [5000, 32.37693870331027], [5500, 32.34333953726215], [6000, 32.299711295268075], [6500, 32.27826438526279], [7000, 32.31836110331133]]",4.587113632433774,81122,7.339381811894599e-06,29.698451398875797,0.9550200915336609,0.03872190184891224,0.013610398175267444,0.0517221354791397,0.0035843070720294485,0.998567341122727,0.018623651073210252,0.04782253493986884,0.004927419231466926,0.9988747004870205,0.007449603122314634,0.00435645908822242,0.005903031105268527,0.009924090565541718,302,30431,113.43849849700928,2,0.0,0.0,0.0,3.782792275659672e-16,1.0,,,,,,,,
stage2_lambda,chair__init-depth__n_views-9__depth_kind-ssi__depth_lambda-0p3,blender,chair,9,depth,fps,2,white,gt,gt,0.0,0.0,1.0,0.0,0.0,0.0,ssi,0.3,7000,0,0,0.0,0.0,1.0,0.0,0.0,0.0,True,depth,68444,"[0, 32, 6, 2, 39, 90, 38, 59, 80]","[0, 8, 16, 24, 32, 40, 48, 56, 64, 72, 80, 88, 96, 104, 112, 120, 128, 136, 144, 152, 160, 168, 176, 184, 192]",9,25,103.02997255325317,"[[500, 31.877004558348645], [1000, 31.440901994573668], [1500, 32.290578147933545], [2000, 32.844153668993314], [2500, 32.72365115965593], [3000, 32.78508206919478], [3500, 31.906276728318364], [4000, 32.019507523522364], [4500, 32.11457839600377], [5000, 32.34207758704822], [5500, 32.50055596323645], [6000, 32.472248957581876], [6500, 32.398440599448755], [7000, 32.477516350395824]]",4.587113632433774,79478,7.339381811894599e-06,29.848309006267264,0.9553662204742431,0.03996834848076105,0.01003065089902912,0.029470277493755213,0.002641622816870359,0.9995821437174215,0.009672945154480438,0.028411167899214683,0.0025434243271722883,0.9996272723870163,0.0062912424288961944,0.004209385539736896,0.005250313984316545,0.008972503617945007,248,27640,113.44453620910645,2,0.0,0.0,0.0,3.782792275659672e-16,1.0,,,,,,,,
stage2_lambda,chair__init-depth__n_views-9__depth_kind-ssi__depth_lambda-1p0,blender,chair,9,depth,fps,2,white,gt,gt,0.0,0.0,1.0,0.0,0.0,0.0,ssi,1.0,7000,0,0,0.0,0.0,1.0,0.0,0.0,0.0,True,depth,68444,"[0, 32, 6, 2, 39, 90, 38, 59, 80]","[0, 8, 16, 24, 32, 40, 48, 56, 64, 72, 80, 88, 96, 104, 112, 120, 128, 136, 144, 152, 160, 168, 176, 184, 192]",9,25,104.90237736701965,"[[500, 31.816005759262396], [1000, 29.87793816060337], [1500, 31.5575925859059], [2000, 32.786182302719574], [2500, 33.15112076934019], [3000, 33.12222921666857], [3500, 31.19789723021136], [4000, 32.30230356746505], [4500, 32.548691196772786], [5000, 32.589219746941275], [5500, 32.58757838313579], [6000, 32.544899074739206], [6500, 32.43911658169914], [7000, 32.50151630429563]]",4.587113632433774,85014,7.339381811894599e-06,29.592992659173778,0.9540189385414124,0.04459359921514988,0.010785300165901734,0.027582425040137828,0.0028562584179649773,0.9996537420922686,0.01066337755549939,0.026157404311398808,0.0028200167557952856,0.9997206681289981,0.0075661004887804546,0.004072271416201552,0.005819185952491004,0.011935859823976208,297,24883,115.34903764724731,2,0.0,0.0,0.0,3.782792275659672e-16,1.0,,,,,,,,
stage2_lambda,lego__init-depth__n_views-3__depth_kind-absolute__depth_lambda-0p03,blender,lego,3,depth,fps,2,white,gt,gt,0.0,0.0,1.0,0.0,0.0,0.0,absolute,0.03,7000,0,0,0.0,0.0,1.0,0.0,0.0,0.0,True,depth,25546,"[0, 89, 32]","[0, 8, 16, 24, 32, 40, 48, 56, 64, 72, 80, 88, 96, 104, 112, 120, 128, 136, 144, 152, 160, 168, 176, 184, 192]",3,25,89.7254068851471,"[[500, 19.482912609621856], [1000, 19.873412754258933], [1500, 19.810148540243418], [2000, 19.77866310969125], [2500, 19.76596462090452], [3000, 19.77533283169098], [3500, 20.101663926116196], [4000, 20.06473553904483], [4500, 20.059416163103155], [5000, 20.04589093362094], [5500, 20.033368751727572], [6000, 20.025268761716276], [6500, 20.020244285568253], [7000, 20.011219046570243]]",4.5367010562599654,54462,7.258721690016551e-06,20.05205543620709,0.8118732500076294,0.1617787301540375,0.04452896386722444,0.15243392038694503,0.012104778588627416,0.9978491053026023,0.06463573103056264,0.1357706912740907,0.017461887322759596,0.997904952433077,0.012492716184507901,0.007117165865505764,0.009804941025006833,0.001461310902805004,41,28057,99.45611786842346,2,0.0,0.0,0.0,2.826612643966149e-16,1.0,,,,,,,,
stage2_lambda,lego__init-depth__n_views-3__depth_kind-absolute__depth_lambda-0p1,blender,lego,3,depth,fps,2,white,gt,gt,0.0,0.0,1.0,0.0,0.0,0.0,absolute,0.1,7000,0,0,0.0,0.0,1.0,0.0,0.0,0.0,True,depth,25546,"[0, 89, 32]","[0, 8, 16, 24, 32, 40, 48, 56, 64, 72, 80, 88, 96, 104, 112, 120, 128, 136, 144, 152, 160, 168, 176, 184, 192]",3,25,90.10958671569824,"[[500, 19.750287417693748], [1000, 20.114313386511405], [1500, 20.103786395657913], [2000, 20.04889104662747], [2500, 20.032048904511033], [3000, 19.981490398215676], [3500, 20.1184563365343], [4000, 20.054238947372223], [4500, 20.019311467705244], [5000, 19.990658082161666], [5500, 19.963192745174766], [6000, 19.946312885316054], [6500, 19.93862172435746], [7000, 19.925522084981182]]",4.5367010562599654,53522,7.258721690016551e-06,20.010339356259095,0.8173442792892456,0.15620717406272888,0.04740519379307264,0.16948290125594564,0.012889207454847397,0.9972597156665997,0.07221314726532753,0.1464416492135926,0.019540042548468903,0.9973833315576229,0.012295977986884199,0.007093520698937349,0.009694749342910773,0.0016604699852001588,46,27703,99.81081700325012,2,0.0,0.0,0.0,2.826612643966149e-16,1.0,,,,,,,,
stage2_lambda,lego__init-depth__n_views-3__depth_kind-absolute__depth_lambda-0p3,blender,lego,3,depth,fps,2,white,gt,gt,0.0,0.0,1.0,0.0,0.0,0.0,absolute,0.3,7000,0,0,0.0,0.0,1.0,0.0,0.0,0.0,True,depth,25546,"[0, 89, 32]","[0, 8, 16, 24, 32, 40, 48, 56, 64, 72, 80, 88, 96, 104, 112, 120, 128, 136, 144, 152, 160, 168, 176, 184, 192]",3,25,90.02575397491455,"[[500, 19.818260417932695], [1000, 19.625946477927343], [1500, 19.763851674123316], [2000, 19.7408105163126], [2500, 19.712932805744398], [3000, 19.69890879902188], [3500, 19.466121893770538], [4000, 19.469136716564485], [4500, 19.465478594887994], [5000, 19.457507366291466], [5500, 19.461979662156082], [6000, 19.45436427088013], [6500, 19.454490012505598], [7000, 19.438001903008306]]",4.5367010562599654,53181,7.258721690016551e-06,19.575561298799254,0.8158437705039978,0.15748642414808273,0.058656053959966405,0.21737957275516565,0.015995655565195287,0.9953371866474144,0.09363409864305147,0.17308044146122703,0.025368321318889175,0.9956567619561946,0.012418691705247882,0.00739388203713563,0.009906286871191756,0.0013844196662426101,37,26726,99.68597292900085,2,0.0,0.0,0.0,2.826612643966149e-16,1.0,,,,,,,,
stage2_lambda,lego__init-depth__n_views-3__depth_kind-absolute__depth_lambda-1p0,blender,lego,3,depth,fps,2,white,gt,gt,0.0,0.0,1.0,0.0,0.0,0.0,absolute,1.0,7000,0,0,0.0,0.0,1.0,0.0,0.0,0.0,True,depth,25546,"[0, 89, 32]","[0, 8, 16, 24, 32, 40, 48, 56, 64, 72, 80, 88, 96, 104, 112, 120, 128, 136, 144, 152, 160, 168, 176, 184, 192]",3,25,93.15502333641052,"[[500, 19.527008183382126], [1000, 19.45771058210051], [1500, 19.667068899915556], [2000, 19.765521300728025], [2500, 19.810745651371285], [3000, 19.811405120219177], [3500, 19.631566655047234], [4000, 19.672275958805777], [4500, 19.693779530937594], [5000, 19.678739466798056], [5500, 19.675389137401208], [6000, 19.662966922022317], [6500, 19.65612586580621], [7000, 19.64698104063788]]",4.5367010562599654,67777,7.258721690016551e-06,19.605547196309363,0.8160338044166565,0.15729887545108795,0.06393472111981187,0.24407972905151565,0.017586604619249057,0.9935720970817716,0.10213242134068264,0.18102162037176558,0.027746019644124154,0.9944125827340737,0.012166582315271138,0.007348563566512484,0.009757572940891811,0.001394700139470014,41,29397,103.09262871742249,2,0.0,0.0,0.0,2.826612643966149e-16,1.0,,,,,,,,
stage2_lambda,lego__init-depth__n_views-3__depth_kind-pearson__depth_lambda-0p03,blender,lego,3,depth,fps,2,white,gt,gt,0.0,0.0,1.0,0.0,0.0,0.0,pearson,0.03,7000,0,0,0.0,0.0,1.0,0.0,0.0,0.0,True,depth,25546,"[0, 89, 32]","[0, 8, 16, 24, 32, 40, 48, 56, 64, 72, 80, 88, 96, 104, 112, 120, 128, 136, 144, 152, 160, 168, 176, 184, 192]",3,25,92.31073999404907,"[[500, 19.351422248924827], [1000, 19.70322330671376], [1500, 19.601436137575732], [2000, 19.599623362741], [2500, 19.62640408256522], [3000, 19.629543804696045], [3500, 19.937356467323145], [4000, 19.901786854471204], [4500, 19.886252014313737], [5000, 19.873897557397544], [5500, 19.866101624937833], [6000, 19.855127231974798], [6500, 19.856882475840692], [7000, 19.857476385214884]]",4.5367010562599654,54150,7.258721690016551e-06,19.91312279752986,0.8020479917526245,0.16791910529136658,0.046030881481195926,0.13350484966649562,0.012547683851005813,0.9982866504883894,0.058729812452640806,0.12079484901194501,0.015917731144546282,0.9983223011679334,0.013441322596256805,0.007602307781965988,0.010521815189111397,0.0017433234421364986,47,26960,102.18352961540222,2,0.0,0.0,0.0,2.826612643966149e-16,1.0,,,,,,,,
stage2_lambda,lego__init-depth__n_views-3__depth_kind-pearson__depth_lambda-0p1,blender,lego,3,depth,fps,2,white,gt,gt,0.0,0.0,1.0,0.0,0.0,0.0,pearson,0.1,7000,0,0,0.0,0.0,1.0,0.0,0.0,0.0,True,depth,25546,"[0, 89, 32]","[0, 8, 16, 24, 32, 40, 48, 56, 64, 72, 80, 88, 96, 104, 112, 120, 128, 136, 144, 152, 160, 168, 176, 184, 192]",3,25,92.72768592834473,"[[500, 19.540381421097468], [1000, 19.705752889635633], [1500, 19.737498301272538], [2000, 19.761764441719876], [2500, 19.74932218551463], [3000, 19.759023698905004], [3500, 19.956004906507967], [4000, 19.915461949707318], [4500, 19.907583474327748], [5000, 19.88775437158347], [5500, 19.88183149045227], [6000, 19.869427053923545], [6500, 19.85845026877989], [7000, 19.85048538188626]]",4.5367010562599654,52512,7.258721690016551e-06,19.798821364818334,0.8064632368087769,0.16652832180261612,0.046365913906769016,0.1342949804076547,0.012614336831417591,0.9985367613509546,0.05858854890488381,0.12347171074438545,0.01585865548866238,0.9985986048867785,0.013417388114812965,0.007542840263414288,0.010480114189113626,0.0016199770832510175,41,25309,102.40793085098267,2,0.0,0.0,0.0,2.826612643966149e-16,1.0,,,,,,,,
stage2_lambda,lego__init-depth__n_views-3__depth_kind-pearson__depth_lambda-0p3,blender,lego,3,depth,fps,2,white,gt,gt,0.0,0.0,1.0,0.0,0.0,0.0,pearson,0.3,7000,0,0,0.0,0.0,1.0,0.0,0.0,0.0,True,depth,25546,"[0, 89, 32]","[0, 8, 16, 24, 32, 40, 48, 56, 64, 72, 80, 88, 96, 104, 112, 120, 128, 136, 144, 152, 160, 168, 176, 184, 192]",3,25,92.65931463241577,"[[500, 19.68963794698991], [1000, 19.313637019538724], [1500, 19.403675065333232], [2000, 19.374616693326963], [2500, 19.362406904468756], [3000, 19.37998416524882], [3500, 19.279949576928775], [4000, 19.2851441639792], [4500, 19.29366785060119], [5000, 19.279193820530757], [5500, 19.277020627932494], [6000, 19.27036151269572], [6500, 19.256611891390534], [7000, 19.260389798380693]]",4.5367010562599654,48370,7.258721690016551e-06,19.133596909190995,0.7960973930358887,0.1766260716319084,0.056324190431969436,0.17031124345056192,0.015232419048941168,0.9974607846541932,0.07599965146437014,0.15170859468805858,0.020490320184973997,0.9976805422234102,0.01477225047461037,0.007841332720657504,0.011306791597633937,0.009109804094989607,206,22613,102.3627142906189,2,0.0,0.0,0.0,2.826612643966149e-16,1.0,,,,,,,,
stage2_lambda,lego__init-depth__n_views-3__depth_kind-pearson__depth_lambda-1p0,blender,lego,3,depth,fps,2,white,gt,gt,0.0,0.0,1.0,0.0,0.0,0.0,pearson,1.0,7000,0,0,0.0,0.0,1.0,0.0,0.0,0.0,True,depth,25546,"[0, 89, 32]","[0, 8, 16, 24, 32, 40, 48, 56, 64, 72, 80, 88, 96, 104, 112, 120, 128, 136, 144, 152, 160, 168, 176, 184, 192]",3,25,92.77624320983887,"[[500, 19.62986591837476], [1000, 17.875251393115633], [1500, 18.1499302863701], [2000, 18.22896997287138], [2500, 18.285087023392233], [3000, 18.309061877774738], [3500, 17.362395232405987], [4000, 17.533043577897], [4500, 17.594135661775276], [5000, 17.605337965877954], [5500, 17.613860375142696], [6000, 17.614467683398217], [6500, 17.626449282308933], [7000, 17.626547183618253]]",4.5367010562599654,45458,7.258721690016551e-06,17.211952687110234,0.7424309372901916,0.23420212984085084,0.098264734699335,0.2139234983812431,0.026553529864362796,0.9923706246845202,0.10827078704218442,0.1834368248211934,0.029263484534387034,0.9951420064541543,0.04694647787296503,0.009443611033598403,0.028195044453281713,0.04914458235491446,879,17886,103.67055749893188,2,0.0,0.0,0.0,2.826612643966149e-16,1.0,,,,,,,,
stage2_lambda,lego__init-depth__n_views-3__depth_kind-ssi__depth_lambda-0p03,blender,lego,3,depth,fps,2,white,gt,gt,0.0,0.0,1.0,0.0,0.0,0.0,ssi,0.03,7000,0,0,0.0,0.0,1.0,0.0,0.0,0.0,True,depth,25546,"[0, 89, 32]","[0, 8, 16, 24, 32, 40, 48, 56, 64, 72, 80, 88, 96, 104, 112, 120, 128, 136, 144, 152, 160, 168, 176, 184, 192]",3,25,97.58398103713989,"[[500, 19.51107668779541], [1000, 20.033383089236935], [1500, 19.969833494371496], [2000, 19.939179754111493], [2500, 19.96068703583526], [3000, 19.976405159899876], [3500, 20.30354370902409], [4000, 20.241176159673504], [4500, 20.213887492205366], [5000, 20.182780560459708], [5500, 20.165772656506178], [6000, 20.150621168876604], [6500, 20.136761749895264], [7000, 20.121582601192216]]",4.5367010562599654,54833,7.258721690016551e-06,20.20376823689845,0.813045117855072,0.15998761266469955,0.042015818259778376,0.1368523507909041,0.011443605326165014,0.9982440938971496,0.05756184246736205,0.12316773562227765,0.015579556183179561,0.9982700106843855,0.01249557753919785,0.007105328496369966,0.009800453017783909,0.0019936926813354117,55,27587,107.23802876472473,2,0.0,0.0,0.0,2.826612643966149e-16,1.0,,,,,,,,
stage2_lambda,lego__init-depth__n_views-3__depth_kind-ssi__depth_lambda-0p1,blender,lego,3,depth,fps,2,white,gt,gt,0.0,0.0,1.0,0.0,0.0,0.0,ssi,0.1,7000,0,0,0.0,0.0,1.0,0.0,0.0,0.0,True,depth,25546,"[0, 89, 32]","[0, 8, 16, 24, 32, 40, 48, 56, 64, 72, 80, 88, 96, 104, 112, 120, 128, 136, 144, 152, 160, 168, 176, 184, 192]",3,25,97.76793146133423,"[[500, 19.828453133641183], [1000, 20.273899896843684], [1500, 20.288044325184536], [2000, 20.236023919654876], [2500, 20.22842504135729], [3000, 20.225355953589077], [3500, 20.288642146813945], [4000, 20.20691814760527], [4500, 20.190177111269726], [5000, 20.15960431891232], [5500, 20.142574167986247], [6000, 20.127730635763147], [6500, 20.120324615719735], [7000, 20.102401243677797]]",4.5367010562599654,54427,7.258721690016551e-06,20.176852621394165,0.815597984790802,0.15925672858953477,0.04225946641761409,0.13993682446015368,0.011455204563050589,0.9982864670469739,0.058560393812188936,0.1266744860997655,0.01578115431891225,0.9983502063241976,0.012726605417793637,0.007130430290966665,0.009928517854380151,0.002134991385122481,57,26698,107.4805326461792,2,0.0,0.0,0.0,2.826612643966149e-16,1.0,,,,,,,,
stage2_lambda,lego__init-depth__n_views-3__depth_kind-ssi__depth_lambda-0p3,blender,lego,3,depth,fps,2,white,gt,gt,0.0,0.0,1.0,0.0,0.0,0.0,ssi,0.3,7000,0,0,0.0,0.0,1.0,0.0,0.0,0.0,True,depth,25546,"[0, 89, 32]","[0, 8, 16, 24, 32, 40, 48, 56, 64, 72, 80, 88, 96, 104, 112, 120, 128, 136, 144, 152, 160, 168, 176, 184, 192]",3,25,98.46862554550171,"[[500, 19.934247083725925], [1000, 20.074536152493934], [1500, 20.135974064969705], [2000, 20.1484141596859], [2500, 20.14995232197804], [3000, 20.122267980575064], [3500, 19.95625430080308], [4000, 19.89919809130446], [4500, 19.857041844554296], [5000, 19.82029409160385], [5500, 19.788599059967254], [6000, 19.768295134665518], [6500, 19.756524026295708], [7000, 19.727601636620108]]",4.5367010562599654,54832,7.258721690016551e-06,19.772245808452887,0.8130640888214111,0.16157978385686875,0.04623571447087988,0.1482515912566931,0.012537365138746183,0.9978529870048797,0.06316024159536865,0.13355172704094462,0.01699869311123754,0.997953446426273,0.014454972966874615,0.0073194506428810036,0.01088721180487781,0.0034719513146602167,89,25634,108.3424723148346,2,0.0,0.0,0.0,2.826612643966149e-16,1.0,,,,,,,,
stage2_lambda,lego__init-depth__n_views-3__depth_kind-ssi__depth_lambda-1p0,blender,lego,3,depth,fps,2,white,gt,gt,0.0,0.0,1.0,0.0,0.0,0.0,ssi,1.0,7000,0,0,0.0,0.0,1.0,0.0,0.0,0.0,True,depth,25546,"[0, 89, 32]","[0, 8, 16, 24, 32, 40, 48, 56, 64, 72, 80, 88, 96, 104, 112, 120, 128, 136, 144, 152, 160, 168, 176, 184, 192]",3,25,102.31123566627502,"[[500, 19.87936607387489], [1000, 19.732710914215183], [1500, 19.91891369302911], [2000, 19.99739084069231], [2500, 20.08738349789108], [3000, 20.09108507664049], [3500, 19.8407598623043], [4000, 19.79883978297559], [4500, 19.783205605147693], [5000, 19.75722059552483], [5500, 19.740796534996075], [6000, 19.73643269817513], [6500, 19.72210116916541], [7000, 19.701755084343237]]",4.5367010562599654,73073,7.258721690016551e-06,19.70420655793561,0.8126554799079895,0.161183430403471,0.050327129082786054,0.18832065813797222,0.013636735001956182,0.99655526823813,0.07888010579021422,0.15803320260307582,0.02125947566873462,0.9967337625898661,0.012964691283257326,0.00714606335683193,0.010055377320044627,0.006261212142530515,178,28429,112.07224535942078,2,0.0,0.0,0.0,2.826612643966149e-16,1.0,,,,,,,,
stage2_lambda,lego__init-depth__n_views-9__depth_kind-absolute__depth_lambda-0p03,blender,lego,9,depth,fps,2,white,gt,gt,0.0,0.0,1.0,0.0,0.0,0.0,absolute,0.03,7000,0,0,0.0,0.0,1.0,0.0,0.0,0.0,True,depth,91941,"[0, 89, 32, 17, 7, 4, 60, 36, 24]","[0, 8, 16, 24, 32, 40, 48, 56, 64, 72, 80, 88, 96, 104, 112, 120, 128, 136, 144, 152, 160, 168, 176, 184, 192]",9,25,96.43472957611084,"[[500, 25.024200880578306], [1000, 25.27262242903405], [1500, 25.389369511757003], [2000, 25.35552091366118], [2500, 25.315860654166645], [3000, 25.28549329675684], [3500, 25.264176797604577], [4000, 25.216877677297116], [4500, 25.152797867319848], [5000, 25.104634391463712], [5500, 25.05455642653587], [6000, 25.005546757954043], [6500, 24.98177265061], [7000, 24.97256215275228]]",4.423456892520446,120830,7.0775310280332764e-06,28.29638927829382,0.9363131833076477,0.053962660506367686,0.010418305732699447,0.023788124866698537,0.0028040963980459493,0.9999799309451828,0.010114105198338578,0.023621819491643877,0.0027158226388577663,0.9999799309451828,0.007286847445658325,0.005060867739054559,0.006173857592356442,0.0008824250347250592,54,61195,107.00218200683594,2,0.0,0.0,0.0,3.3155727556045965e-16,1.0,,,,,,,,
stage2_lambda,lego__init-depth__n_views-9__depth_kind-absolute__depth_lambda-0p1,blender,lego,9,depth,fps,2,white,gt,gt,0.0,0.0,1.0,0.0,0.0,0.0,absolute,0.1,7000,0,0,0.0,0.0,1.0,0.0,0.0,0.0,True,depth,91941,"[0, 89, 32, 17, 7, 4, 60, 36, 24]","[0, 8, 16, 24, 32, 40, 48, 56, 64, 72, 80, 88, 96, 104, 112, 120, 128, 136, 144, 152, 160, 168, 176, 184, 192]",9,25,96.53748846054077,"[[500, 25.311330326004096], [1000, 25.563196254201586], [1500, 25.751349446688074], [2000, 25.789229504876268], [2500, 25.780963722309213], [3000, 25.763773257669378], [3500, 25.50431553118921], [4000, 25.50185586082269], [4500, 25.465434711266898], [5000, 25.434074891896017], [5500, 25.38181599697934], [6000, 25.352229921346396], [6500, 25.321098708784675], [7000, 25.311371850735505]]",4.423456892520446,117151,7.0775310280332764e-06,28.438689474685862,0.9369265818595887,0.05257919006049633,0.008513037593032518,0.020630119561469908,0.002275626174506912,0.9999852176944554,0.008436490758837949,0.0205549293334205,0.0022520216021545683,0.9999852176944554,0.006712320518295021,0.004772276808448266,0.005742298663371644,0.0008803263979413906,52,59069,107.02621507644653,2,0.0,0.0,0.0,3.3155727556045965e-16,1.0,,,,,,,,
stage2_lambda,lego__init-depth__n_views-9__depth_kind-absolute__depth_lambda-0p3,blender,lego,9,depth,fps,2,white,gt,gt,0.0,0.0,1.0,0.0,0.0,0.0,absolute,0.3,7000,0,0,0.0,0.0,1.0,0.0,0.0,0.0,True,depth,91941,"[0, 89, 32, 17, 7, 4, 60, 36, 24]","[0, 8, 16, 24, 32, 40, 48, 56, 64, 72, 80, 88, 96, 104, 112, 120, 128, 136, 144, 152, 160, 168, 176, 184, 192]",9,25,96.57731032371521,"[[500, 25.68591610622429], [1000, 25.613822544907677], [1500, 25.903184291568987], [2000, 26.01933418418634], [2500, 26.01775774969476], [3000, 26.014074305614507], [3500, 25.50186646279677], [4000, 25.54510164556197], [4500, 25.519568070006272], [5000, 25.527463157993186], [5500, 25.485680161708267], [6000, 25.482887037827126], [6500, 25.473652709104524], [7000, 25.460430904984648]]",4.423456892520446,111993,7.0775310280332764e-06,28.50858210680575,0.936891896724701,0.05323110781610012,0.0075930209564389495,0.019097134913291344,0.002016582468318667,0.9999905983257631,0.007643789009809305,0.019035924911227905,0.00202855763629647,0.9999905983257631,0.006580917467692413,0.0046966163263279445,0.005638766897010179,0.0005331816727686347,30,56266,107.32620859146118,2,0.0,0.0,0.0,3.3155727556045965e-16,1.0,,,,,,,,
stage2_lambda,lego__init-depth__n_views-9__depth_kind-absolute__depth_lambda-1p0,blender,lego,9,depth,fps,2,white,gt,gt,0.0,0.0,1.0,0.0,0.0,0.0,absolute,1.0,7000,0,0,0.0,0.0,1.0,0.0,0.0,0.0,True,depth,91941,"[0, 89, 32, 17, 7, 4, 60, 36, 24]","[0, 8, 16, 24, 32, 40, 48, 56, 64, 72, 80, 88, 96, 104, 112, 120, 128, 136, 144, 152, 160, 168, 176, 184, 192]",9,25,97.42710471153259,"[[500, 25.846227447581953], [1000, 25.827755879838687], [1500, 26.12219826081912], [2000, 26.275614637418357], [2500, 26.3106622876187], [3000, 26.289664794199712], [3500, 25.708390602995017], [4000, 25.804773551099277], [4500, 25.81022834801272], [5000, 25.82414686225257], [5500, 25.75498307147474], [6000, 25.716398385254603], [6500, 25.703386938699637], [7000, 25.6761763910988]]",4.423456892520446,113678,7.0775310280332764e-06,28.519386623735954,0.9358537888526917,0.05796229414641857,0.006802907432439611,0.018253407546056012,0.001801616274047483,0.9999897441359622,0.0068647652750465134,0.018208647137062866,0.0018178422213155868,0.9999897441359622,0.0063199206106521735,0.0044573113601371495,0.005388615985394661,0.00046275729305493855,25,54024,107.92919754981995,2,0.0,0.0,0.0,3.3155727556045965e-16,1.0,,,,,,,,
stage2_lambda,lego__init-depth__n_views-9__depth_kind-pearson__depth_lambda-0p03,blender,lego,9,depth,fps,2,white,gt,gt,0.0,0.0,1.0,0.0,0.0,0.0,pearson,0.03,7000,0,0,0.0,0.0,1.0,0.0,0.0,0.0,True,depth,91941,"[0, 89, 32, 17, 7, 4, 60, 36, 24]","[0, 8, 16, 24, 32, 40, 48, 56, 64, 72, 80, 88, 96, 104, 112, 120, 128, 136, 144, 152, 160, 168, 176, 184, 192]",9,25,99.73219537734985,"[[500, 24.919186814147665], [1000, 25.185555177496987], [1500, 25.24197805744785], [2000, 25.223176271633143], [2500, 25.207609393914908], [3000, 25.158741850361572], [3500, 25.070041110659368], [4000, 24.984036934959178], [4500, 24.930073950153485], [5000, 24.86268868557572], [5500, 24.807129495213246], [6000, 24.766076438772426], [6500, 24.729608304305], [7000, 24.722994301653763]]",4.423456892520446,119784,7.0775310280332764e-06,27.993611109116376,0.9305398392677308,0.058084829896688464,0.013350326342617765,0.026879021881695584,0.003602839553622389,0.9999719258035856,0.012666407687874364,0.02649946963106073,0.0034088886681655443,0.9999719258035856,0.008139879805970321,0.005609421682503,0.0068746507442366605,0.001021821960512643,59,57740,110.30269527435303,2,0.0,0.0,0.0,3.3155727556045965e-16,1.0,,,,,,,,
stage2_lambda,lego__init-depth__n_views-9__depth_kind-pearson__depth_lambda-0p1,blender,lego,9,depth,fps,2,white,gt,gt,0.0,0.0,1.0,0.0,0.0,0.0,pearson,0.1,7000,0,0,0.0,0.0,1.0,0.0,0.0,0.0,True,depth,91941,"[0, 89, 32, 17, 7, 4, 60, 36, 24]","[0, 8, 16, 24, 32, 40, 48, 56, 64, 72, 80, 88, 96, 104, 112, 120, 128, 136, 144, 152, 160, 168, 176, 184, 192]",9,25,99.4404809474945,"[[500, 25.142485576068147], [1000, 25.245856793869837], [1500, 25.410394600434678], [2000, 25.375391371078308], [2500, 25.332548951665252], [3000, 25.27544336042906], [3500, 25.019802833420606], [4000, 24.92440699976929], [4500, 24.878413482034688], [5000, 24.826313464484347], [5500, 24.772041419569657], [6000, 24.735238877389094], [6500, 24.71629181956864], [7000, 24.687198821097763]]",4.423456892520446,114956,7.0775310280332764e-06,27.91957547512436,0.927642285823822,0.05914897367358208,0.012844335413188447,0.02470604307990097,0.0034588549024706827,0.9999781862555868,0.012037639980241134,0.024256304219209258,0.0032309378938668487,0.9999781862555868,0.008124801569396586,0.0055106024935623645,0.006817702031479475,0.0013861678926551583,75,54106,110.05522513389587,2,0.0,0.0,0.0,3.3155727556045965e-16,1.0,,,,,,,,
stage2_lambda,lego__init-depth__n_views-9__depth_kind-pearson__depth_lambda-0p3,blender,lego,9,depth,fps,2,white,gt,gt,0.0,0.0,1.0,0.0,0.0,0.0,pearson,0.3,7000,0,0,0.0,0.0,1.0,0.0,0.0,0.0,True,depth,91941,"[0, 89, 32, 17, 7, 4, 60, 36, 24]","[0, 8, 16, 24, 32, 40, 48, 56, 64, 72, 80, 88, 96, 104, 112, 120, 128, 136, 144, 152, 160, 168, 176, 184, 192]",9,25,99.04215693473816,"[[500, 25.341744241946056], [1000, 25.12596696875913], [1500, 25.319192577828304], [2000, 25.363750816756983], [2500, 25.3538998265899], [3000, 25.340935234036916], [3500, 24.843437194147167], [4000, 24.840768800984605], [4500, 24.800254685917714], [5000, 24.74676320904662], [5500, 24.68392658904103], [6000, 24.661745148509453], [6500, 24.633959893485077], [7000, 24.60734624630177]]",4.423456892520446,107501,7.0775310280332764e-06,27.606670280826137,0.9222607946395874,0.06413749150931836,0.012386503484135596,0.023732250903022268,0.0033228191064641217,0.9999869070553181,0.011405057083922875,0.023183402994628444,0.0030483828032669157,0.9999869070553181,0.008162754876435165,0.005413444296385742,0.006788099586410454,0.0020337729569826204,99,48678,109.60410332679749,2,0.0,0.0,0.0,3.3155727556045965e-16,1.0,,,,,,,,
stage2_lambda,lego__init-depth__n_views-9__depth_kind-pearson__depth_lambda-1p0,blender,lego,9,depth,fps,2,white,gt,gt,0.0,0.0,1.0,0.0,0.0,0.0,pearson,1.0,7000,0,0,0.0,0.0,1.0,0.0,0.0,0.0,True,depth,91941,"[0, 89, 32, 17, 7, 4, 60, 36, 24]","[0, 8, 16, 24, 32, 40, 48, 56, 64, 72, 80, 88, 96, 104, 112, 120, 128, 136, 144, 152, 160, 168, 176, 184, 192]",9,25,99.35494542121887,"[[500, 25.576357492698612], [1000, 24.611616338942177], [1500, 25.157499677336588], [2000, 25.337535348727222], [2500, 25.404784304943043], [3000, 25.427053324637413], [3500, 24.811436745434136], [4000, 24.881943768274674], [4500, 24.88940863426617], [5000, 24.875463200484887], [5500, 24.822319464693354], [6000, 24.80266115948656], [6500, 24.776996823795887], [7000, 24.777888830138846]]",4.423456892520446,97860,7.0775310280332764e-06,27.391911513737718,0.9158397793769837,0.07275862142443656,0.012100267162485422,0.023936701548956725,0.0032263383827372933,0.9999834379964727,0.011325803818159015,0.023485886082026963,0.00301233389337907,0.9999834379964727,0.008067051090451917,0.005281604274858473,0.006674327682655195,0.0050778009602574095,202,39781,109.88545846939087,2,0.0,0.0,0.0,3.3155727556045965e-16,1.0,,,,,,,,
stage2_lambda,lego__init-depth__n_views-9__depth_kind-ssi__depth_lambda-0p03,blender,lego,9,depth,fps,2,white,gt,gt,0.0,0.0,1.0,0.0,0.0,0.0,ssi,0.03,7000,0,0,0.0,0.0,1.0,0.0,0.0,0.0,True,depth,91941,"[0, 89, 32, 17, 7, 4, 60, 36, 24]","[0, 8, 16, 24, 32, 40, 48, 56, 64, 72, 80, 88, 96, 104, 112, 120, 128, 136, 144, 152, 160, 168, 176, 184, 192]",9,25,104.49615859985352,"[[500, 25.036327026721242], [1000, 25.29003342942505], [1500, 25.416241255760703], [2000, 25.416464652498192], [2500, 25.399207860084037], [3000, 25.376612606346626], [3500, 25.374525789535095], [4000, 25.308401412243917], [4500, 25.272317326474585], [5000, 25.21282849123559], [5500, 25.160092075853246], [6000, 25.127644009834256], [6500, 25.107051187281908], [7000, 25.09690533399905]]",4.423456892520446,121900,7.0775310280332764e-06,28.3535704212461,0.9362906980514526,0.0537428605183959,0.010682008477741175,0.023526660732103792,0.0028818015698341567,0.9999728162358905,0.009816354428578268,0.02313939373638751,0.0026370600820451273,0.9999728162358905,0.007391813120787084,0.005171162555356883,0.006281487838071984,0.001039483887999736,63,60607,115.1176176071167,2,0.0,0.0,0.0,3.3155727556045965e-16,1.0,,,,,,,,
stage2_lambda,lego__init-depth__n_views-9__depth_kind-ssi__depth_lambda-0p1,blender,lego,9,depth,fps,2,white,gt,gt,0.0,0.0,1.0,0.0,0.0,0.0,ssi,0.1,7000,0,0,0.0,0.0,1.0,0.0,0.0,0.0,True,depth,91941,"[0, 89, 32, 17, 7, 4, 60, 36, 24]","[0, 8, 16, 24, 32, 40, 48, 56, 64, 72, 80, 88, 96, 104, 112, 120, 128, 136, 144, 152, 160, 168, 176, 184, 192]",9,25,104.83673524856567,"[[500, 25.351863669655703], [1000, 25.58324647241881], [1500, 25.776546865783427], [2000, 25.80171801548572], [2500, 25.799633843025266], [3000, 25.774009210923378], [3500, 25.525264134540173], [4000, 25.493751644664965], [4500, 25.476777877428155], [5000, 25.447838025088316], [5500, 25.37537672851357], [6000, 25.360353612046197], [6500, 25.32676820419171], [7000, 25.314693422531736]]",4.423456892520446,118188,7.0775310280332764e-06,28.569139733563,0.9367969393730163,0.05220632467418909,0.008957500650430151,0.020131618238920387,0.0024094069364815006,0.9999906898295101,0.00799826284183142,0.01974001467753142,0.002137340145469083,0.9999906898295101,0.006975578472650105,0.004927103574531681,0.005951341023590894,0.0011179910560715515,65,58140,115.52954268455505,2,0.0,0.0,0.0,3.3155727556045965e-16,1.0,,,,,,,,
stage2_lambda,lego__init-depth__n_views-9__depth_kind-ssi__depth_lambda-0p3,blender,lego,9,depth,fps,2,white,gt,gt,0.0,0.0,1.0,0.0,0.0,0.0,ssi,0.3,7000,0,0,0.0,0.0,1.0,0.0,0.0,0.0,True,depth,91941,"[0, 89, 32, 17, 7, 4, 60, 36, 24]","[0, 8, 16, 24, 32, 40, 48, 56, 64, 72, 80, 88, 96, 104, 112, 120, 128, 136, 144, 152, 160, 168, 176, 184, 192]",9,25,104.80320382118225,"[[500, 25.784763453916696], [1000, 25.81518457483018], [1500, 26.08986332833708], [2000, 26.184899201559954], [2500, 26.149468581284346], [3000, 26.117811268796682], [3500, 25.738320661381156], [4000, 25.713192909428866], [4500, 25.70045629649488], [5000, 25.64912997258392], [5500, 25.600004599065613], [6000, 25.565660153073082], [6500, 25.551283741430655], [7000, 25.560260369773452]]",4.423456892520446,113211,7.0775310280332764e-06,28.83570471584859,0.9390473175048828,0.05030572324991226,0.007682844458825907,0.017345023356477064,0.002067221279990254,0.999991488758068,0.006626104570629936,0.01696535795960916,0.0017675688373738983,0.999991488758068,0.00669557924078352,0.0047576483799580665,0.005726613810370793,0.0010122555222153934,56,55322,115.32614779472351,2,0.0,0.0,0.0,3.3155727556045965e-16,1.0,,,,,,,,
stage2_lambda,lego__init-depth__n_views-9__depth_kind-ssi__depth_lambda-1p0,blender,lego,9,depth,fps,2,white,gt,gt,0.0,0.0,1.0,0.0,0.0,0.0,ssi,1.0,7000,0,0,0.0,0.0,1.0,0.0,0.0,0.0,True,depth,91941,"[0, 89, 32, 17, 7, 4, 60, 36, 24]","[0, 8, 16, 24, 32, 40, 48, 56, 64, 72, 80, 88, 96, 104, 112, 120, 128, 136, 144, 152, 160, 168, 176, 184, 192]",9,25,106.11371541023254,"[[500, 26.018906094152037], [1000, 25.853821203699866], [1500, 26.259964168803172], [2000, 26.374052237882967], [2500, 26.365318634443778], [3000, 26.383556934684854], [3500, 25.862189567043828], [4000, 25.98036341074871], [4500, 26.014326121900105], [5000, 25.972848854573705], [5500, 25.93901974567416], [6000, 25.914104643572202], [6500, 25.87990409515733], [7000, 25.87034414086874]]",4.423456892520446,115389,7.0775310280332764e-06,28.953346606105224,0.940244505405426,0.05124667666852474,0.006875203026623114,0.01593098853164252,0.0018467946361137438,0.999991488758068,0.005876578861138389,0.015583074024093977,0.0015617243878257847,0.999991488758068,0.006507596383289446,0.004632934649132379,0.005570265516210912,0.0010494781231514874,55,52407,116.68941640853882,2,0.0,0.0,0.0,3.3155727556045965e-16,1.0,,,,,,,,
stage3_affine,chair__init-depth__n_views-3__depth_kind-absolute__depth_lambda-0p1__scale-0p8,blender,chair,3,depth,fps,2,white,gt,gt,0.0,0.0,0.8,0.0,0.0,0.0,absolute,0.1,7000,0,0,0.0,0.0,0.8,0.0,0.0,0.0,True,depth,19669,"[0, 32, 6]","[0, 8, 16, 24, 32, 40, 48, 56, 64, 72, 80, 88, 96, 104, 112, 120, 128, 136, 144, 152, 160, 168, 176, 184, 192]",3,25,85.61374974250793,"[[500, 16.105305150268947], [1000, 15.911521156031393], [1500, 15.930346741488462], [2000, 15.944159479884567], [2500, 15.94494236640313], [3000, 15.95046969980266], [3500, 15.976721054297169], [4000, 15.977187626673643], [4500, 15.974079388413877], [5000, 15.971220679678515], [5500, 15.964501680884783], [6000, 15.9589898317268], [6500, 15.963606173129167], [7000, 15.967230155603925]]",4.306069181176648,24372,6.889710689883167e-06,13.952718188463063,0.7253927326202393,0.34888096421957016,1.0212616919301134,1.3367396393351407,0.2683887740864748,0.4802853535827289,0.252369200903778,0.3092656783486692,0.06712758192627427,0.9850365224246606,0.5361400577336767,0.0797132173835148,0.30792663755859573,0.9991796554552912,12180,12190,154.9101002216339,2,0.19999993323845255,0.7515552408443439,0.755922820645789,1.9308388620463914e-08,1.0,,,,,,,,
stage3_affine,chair__init-depth__n_views-3__depth_kind-absolute__depth_lambda-0p1__scale-1p25,blender,chair,3,depth,fps,2,white,gt,gt,0.0,0.0,1.25,0.0,0.0,0.0,absolute,0.1,7000,0,0,0.0,0.0,1.25,0.0,0.0,0.0,True,depth,19669,"[0, 32, 6]","[0, 8, 16, 24, 32, 40, 48, 56, 64, 72, 80, 88, 96, 104, 112, 120, 128, 136, 144, 152, 160, 168, 176, 184, 192]",3,25,91.27083444595337,"[[500, 16.757772726289787], [1000, 16.906455272324052], [1500, 16.75785537433582], [2000, 16.69959886343536], [2500, 16.60156204147142], [3000, 16.592156540980575], [3500, 16.708731780255217], [4000, 16.695786274259714], [4500, 16.65916449428439], [5000, 16.655742720565208], [5500, 16.64673171629151], [6000, 16.632542834174654], [6500, 16.62993382580723], [7000, 16.6100228387457]]",4.306069181176648,55059,6.889710689883167e-06,13.96925067997533,0.6584630513191223,0.40149478495121005,0.9377903206977111,1.2481538102968741,0.2512617229015952,0.5882368610660456,0.2537585050497295,0.31229042385486677,0.06743931642685745,0.9856457655309101,0.5608993534857477,0.04132236335715885,0.3011108584214533,0.9828543029901433,11866,12073,127.70305848121643,2,0.2499999327076896,0.9394441109770296,0.9449035854596612,2.4344441895235588e-08,1.0,,,,,,,,
stage3_affine,chair__init-depth__n_views-3__depth_kind-absolute__depth_lambda-0p1__scale-1p5,blender,chair,3,depth,fps,2,white,gt,gt,0.0,0.0,1.5,0.0,0.0,0.0,absolute,0.1,7000,0,0,0.0,0.0,1.5,0.0,0.0,0.0,True,depth,19669,"[0, 32, 6]","[0, 8, 16, 24, 32, 40, 48, 56, 64, 72, 80, 88, 96, 104, 112, 120, 128, 136, 144, 152, 160, 168, 176, 184, 192]",3,25,88.34598636627197,"[[500, 14.57426540019267], [1000, 14.978803581097356], [1500, 15.482901316616093], [2000, 15.448929886002496], [2500, 15.485209104816889], [3000, 15.496378216247262], [3500, 15.653200329065077], [4000, 15.6333558273833], [4500, 15.641974291090012], [5000, 15.658251519578434], [5500, 15.666295669874819], [6000, 15.648378889368107], [6500, 15.652325819916229], [7000, 15.648251602838165]]",4.306069181176648,76557,6.889710689883167e-06,13.044656805066118,0.6739492797851563,0.4115751874446869,1.586734043401572,1.88408247969993,0.424410053001747,0.28852268290592514,0.2550556893668644,0.31345708436116637,0.0678210041190756,0.9869954823695228,0.8473486516701093,0.1806116708645944,0.5139801612673518,1.0,23433,23433,136.70641565322876,2,0.4999998648636473,1.8788882197590195,1.8898071685259854,2.032898521819652e-08,1.0,,,,,,,,
stage3_affine,chair__init-depth__n_views-3__depth_kind-absolute__depth_lambda-0p1__scale-2p0,blender,chair,3,depth,fps,2,white,gt,gt,0.0,0.0,2.0,0.0,0.0,0.0,absolute,0.1,7000,0,0,0.0,0.0,2.0,0.0,0.0,0.0,True,depth,19669,"[0, 32, 6]","[0, 8, 16, 24, 32, 40, 48, 56, 64, 72, 80, 88, 96, 104, 112, 120, 128, 136, 144, 152, 160, 168, 176, 184, 192]",3,25,87.72222566604614,"[[500, 14.893347007828472], [1000, 14.875141098381494], [1500, 14.856196932139667], [2000, 14.851222447346998], [2500, 14.849742557163346], [3000, 14.847877492997732], [3500, 14.862366272379528], [4000, 14.861640002938678], [4500, 14.859767397600754], [5000, 14.859951000931215], [5500, 14.861348697453568], [6000, 14.860333106363361], [6500, 14.860301205874142], [7000, 14.859501514809793]]",4.306069181176648,111093,6.889710689883167e-06,12.896300522390513,0.738033492565155,0.342973912358284,3.6510353250142975,3.685914409921632,0.9684833260196853,0.0021486065577518707,0.25123478440576574,0.3088607690108768,0.06684236271232566,0.9883656930328537,2.407429312544592,0.8680042007828391,1.6377167566637156,1.0,33091,33091,139.01193928718567,2,0.9999997300754612,3.7577764407789895,3.779614338239506,4.041616098764358e-16,1.0,,,,,,,,
stage3_affine,chair__init-depth__n_views-3__depth_kind-ssi__depth_lambda-0p0__scale-0p8,blender,chair,3,depth,fps,2,white,gt,gt,0.0,0.0,0.8,0.0,0.0,0.0,ssi,0.0,7000,0,0,0.0,0.0,0.8,0.0,0.0,0.0,True,depth,19669,"[0, 32, 6]","[0, 8, 16, 24, 32, 40, 48, 56, 64, 72, 80, 88, 96, 104, 112, 120, 128, 136, 144, 152, 160, 168, 176, 184, 192]",3,25,80.83785343170166,"[[500, 16.14086232670693], [1000, 16.287475439546157], [1500, 16.24059673286024], [2000, 16.22747420979986], [2500, 16.215365438460623], [3000, 16.20952424402743], [3500, 16.388397380976073], [4000, 16.39300742545774], [4500, 16.39166568871651], [5000, 16.3953291796497], [5500, 16.403953503176634], [6000, 16.408651580807366], [6500, 16.401198797972004], [7000, 16.403675865409834]]",4.306069181176648,26045,6.889710689883167e-06,14.282221684535132,0.7227567768096924,0.3437135648727417,0.8843067090158832,1.2174457632451192,0.23140080710798205,0.5963797585884031,0.2518873393723801,0.31109780411368354,0.0670433732312141,0.9854014024612109,0.49416662089095065,0.054762816914415244,0.2744647189026829,0.980115233277122,13949,14232,137.363596200943,2,0.19999993323845255,0.7515552408443439,0.755922820645789,1.9308388620463914e-08,1.0,,,,,,,,
stage3_affine,chair__init-depth__n_views-3__depth_kind-ssi__depth_lambda-0p0__scale-1p25,blender,chair,3,depth,fps,2,white,gt,gt,0.0,0.0,1.25,0.0,0.0,0.0,ssi,0.0,7000,0,0,0.0,0.0,1.25,0.0,0.0,0.0,True,depth,19669,"[0, 32, 6]","[0, 8, 16, 24, 32, 40, 48, 56, 64, 72, 80, 88, 96, 104, 112, 120, 128, 136, 144, 152, 160, 168, 176, 184, 192]",3,25,82.92785286903381,"[[500, 17.950607017697287], [1000, 18.099529451141958], [1500, 17.895048398944244], [2000, 17.824716452065623], [2500, 17.808839935048475], [3000, 17.75136087744144], [3500, 18.070266701539868], [4000, 17.95249607740584], [4500, 17.868808184328973], [5000, 17.846615773624308], [5500, 17.839474102637276], [6000, 17.822604934823225], [6500, 17.79288508509591], [7000, 17.708688086175265]]",4.306069181176648,37855,6.889710689883167e-06,14.549749766626565,0.6986545157432557,0.34022728621959686,0.8449897267370724,1.3279668741276789,0.22540461399378667,0.7222073229764733,0.25191073812634507,0.3104496967566726,0.06688978540810597,0.9871454031508021,0.421234278282286,0.055924007784198926,0.23857914303324246,0.8503002183406113,12462,14656,116.24074792861938,2,0.2499999327076896,0.9394441109770296,0.9449035854596612,2.4344441895235588e-08,1.0,,,,,,,,
stage3_affine,chair__init-depth__n_views-3__depth_kind-ssi__depth_lambda-0p0__scale-1p5,blender,chair,3,depth,fps,2,white,gt,gt,0.0,0.0,1.5,0.0,0.0,0.0,ssi,0.0,7000,0,0,0.0,0.0,1.5,0.0,0.0,0.0,True,depth,19669,"[0, 32, 6]","[0, 8, 16, 24, 32, 40, 48, 56, 64, 72, 80, 88, 96, 104, 112, 120, 128, 136, 144, 152, 160, 168, 176, 184, 192]",3,25,82.27308297157288,"[[500, 15.14499239404396], [1000, 15.184131644626145], [1500, 15.169387791995288], [2000, 15.154227311716964], [2500, 15.117839240398785], [3000, 15.04743787678831], [3500, 15.356731014663445], [4000, 15.33292091883232], [4500, 15.322243091804044], [5000, 15.319520396409093], [5500, 15.312809421693522], [6000, 15.318596837989086], [6500, 15.308881025367903], [7000, 15.30883077128053]]",4.306069181176648,75532,6.889710689883167e-06,12.892582120621011,0.6691002082824707,0.4119844549894333,1.9639869889610924,2.359186381547255,0.5217950816111793,0.2739822939115822,0.2517337038726241,0.3088349298154582,0.06688629973453622,0.9882092943019394,0.9612170894018904,0.2250198017878771,0.5931184455948838,0.9887904264182383,26110,26406,136.85417890548706,2,0.4999998648636473,1.8788882197590195,1.8898071685259854,2.032898521819652e-08,1.0,,,,,,,,
stage3_affine,chair__init-depth__n_views-3__depth_kind-ssi__depth_lambda-0p0__scale-2p0,blender,chair,3,depth,fps,2,white,gt,gt,0.0,0.0,2.0,0.0,0.0,0.0,ssi,0.0,7000,0,0,0.0,0.0,2.0,0.0,0.0,0.0,True,depth,19669,"[0, 32, 6]","[0, 8, 16, 24, 32, 40, 48, 56, 64, 72, 80, 88, 96, 104, 112, 120, 128, 136, 144, 152, 160, 168, 176, 184, 192]",3,25,82.72898769378662,"[[500, 14.91971622760532], [1000, 14.893755387332245], [1500, 14.886434380010813], [2000, 14.88093247344139], [2500, 14.875338905109956], [3000, 14.874210040898005], [3500, 14.899886024885202], [4000, 14.899100900489806], [4500, 14.89828060266607], [5000, 14.898732347024891], [5500, 14.899116110355433], [6000, 14.898678815232085], [6500, 14.89863929258776], [7000, 14.897994684232584]]",4.306069181176648,115799,6.889710689883167e-06,12.916289209204587,0.7385741734504699,0.3443969988822937,3.6443857443353536,3.679448750260526,0.9668462381655202,0.0021586343878815797,0.25083669183736956,0.3085115007122096,0.06673969577055247,0.9882796014906826,2.3956947227596035,0.816572624332334,1.6061336735459688,1.0,37361,37361,138.29160475730896,2,0.9999997300754612,3.7577764407789895,3.779614338239506,4.041616098764358e-16,1.0,,,,,,,,
stage3_affine,chair__init-depth__n_views-3__depth_kind-ssi__depth_lambda-0p1__scale-0p8,blender,chair,3,depth,fps,2,white,gt,gt,0.0,0.0,0.8,0.0,0.0,0.0,ssi,0.1,7000,0,0,0.0,0.0,0.8,0.0,0.0,0.0,True,depth,19669,"[0, 32, 6]","[0, 8, 16, 24, 32, 40, 48, 56, 64, 72, 80, 88, 96, 104, 112, 120, 128, 136, 144, 152, 160, 168, 176, 184, 192]",3,25,93.66579818725586,"[[500, 16.09023880276292], [1000, 16.012635216132736], [1500, 15.978779406254613], [2000, 15.970471674450247], [2500, 15.973885696467176], [3000, 15.98388717928137], [3500, 16.022668692293262], [4000, 16.007034441774504], [4500, 16.016197668507676], [5000, 16.011616401627293], [5500, 16.013091686777525], [6000, 16.014004667812266], [6500, 16.014729091090434], [7000, 16.02334025331781]]",4.306069181176648,22898,6.889710689883167e-06,13.943621131117325,0.7210366868972778,0.35200739502906797,0.8694259328237908,1.1537121094555731,0.2267944894116324,0.5665733689373507,0.2484035957875882,0.30873402429315194,0.06604313542640457,0.9848623929943153,0.504660828519654,0.058528556625103166,0.28159469257237857,0.9903029262850768,11540,11653,151.77512073516846,2,0.19999993323845255,0.7515552408443439,0.755922820645789,1.9308388620463914e-08,1.0,,,,,,,,
stage3_affine,chair__init-depth__n_views-3__depth_kind-ssi__depth_lambda-0p1__scale-1p25,blender,chair,3,depth,fps,2,white,gt,gt,0.0,0.0,1.25,0.0,0.0,0.0,ssi,0.1,7000,0,0,0.0,0.0,1.25,0.0,0.0,0.0,True,depth,19669,"[0, 32, 6]","[0, 8, 16, 24, 32, 40, 48, 56, 64, 72, 80, 88, 96, 104, 112, 120, 128, 136, 144, 152, 160, 168, 176, 184, 192]",3,25,97.3730959892273,"[[500, 17.441518748653017], [1000, 17.49201215952676], [1500, 17.19202092225678], [2000, 17.22695592653917], [2500, 17.22240510102701], [3000, 17.21545138116736], [3500, 17.64338785168698], [4000, 17.62955280498515], [4500, 17.59756252877388], [5000, 17.57993060516204], [5500, 17.571267111059736], [6000, 17.557080969222188], [6500, 17.545123718715065], [7000, 17.52557264203886]]",4.306069181176648,47886,6.889710689883167e-06,14.44557652698682,0.6711065864562988,0.37663499236106873,0.6080047925297466,0.8653931441265198,0.16204009272895367,0.7955766448918749,0.2414163574401699,0.3036671992631917,0.06407722288489476,0.9866999899558557,0.5559343219972152,0.0321289083936705,0.29403161519544285,0.9793637145313844,11390,11630,134.27569723129272,2,0.2499999327076896,0.9394441109770296,0.9449035854596612,2.4344441895235588e-08,1.0,,,,,,,,
stage3_affine,chair__init-depth__n_views-3__depth_kind-ssi__depth_lambda-0p1__scale-1p5,blender,chair,3,depth,fps,2,white,gt,gt,0.0,0.0,1.5,0.0,0.0,0.0,ssi,0.1,7000,0,0,0.0,0.0,1.5,0.0,0.0,0.0,True,depth,19669,"[0, 32, 6]","[0, 8, 16, 24, 32, 40, 48, 56, 64, 72, 80, 88, 96, 104, 112, 120, 128, 136, 144, 152, 160, 168, 176, 184, 192]",3,25,97.55359864234924,"[[500, 15.218523888446896], [1000, 15.286038951874325], [1500, 15.086663256887928], [2000, 14.96661037234712], [2500, 14.974437866387214], [3000, 15.008668781263323], [3500, 15.20980633396913], [4000, 15.216287449166135], [4500, 15.224530315482799], [5000, 15.228828333525662], [5500, 15.23511142009453], [6000, 15.234317933133362], [6500, 15.236719171946426], [7000, 15.238788629572683]]",4.306069181176648,80252,6.889710689883167e-06,12.987198040229528,0.6607424056529999,0.4153598940372467,1.3045532838519918,1.6223911850222061,0.34930800585250377,0.42336259516978814,0.25309069395806405,0.31182045356133453,0.06732360564193623,0.9849526633766039,0.7779438649166883,0.10930103364397906,0.4436224492803337,1.0,20085,20085,141.7004508972168,2,0.4999998648636473,1.8788882197590195,1.8898071685259854,2.032898521819652e-08,1.0,,,,,,,,
stage3_affine,chair__init-depth__n_views-3__depth_kind-ssi__depth_lambda-0p1__scale-2p0,blender,chair,3,depth,fps,2,white,gt,gt,0.0,0.0,2.0,0.0,0.0,0.0,ssi,0.1,7000,0,0,0.0,0.0,2.0,0.0,0.0,0.0,True,depth,19669,"[0, 32, 6]","[0, 8, 16, 24, 32, 40, 48, 56, 64, 72, 80, 88, 96, 104, 112, 120, 128, 136, 144, 152, 160, 168, 176, 184, 192]",3,25,95.18420720100403,"[[500, 14.891295663922602], [1000, 14.880592155631957], [1500, 14.87554097220611], [2000, 14.872279421528658], [2500, 14.870283383078768], [3000, 14.869836758893117], [3500, 14.880711643784176], [4000, 14.88126298739486], [4500, 14.881844376745153], [5000, 14.881122604278012], [5500, 14.881447552519537], [6000, 14.881575301232463], [6500, 14.88275807433861], [7000, 14.881601489840715]]",4.306069181176648,108574,6.889710689883167e-06,12.909335753750488,0.7363291049003601,0.3446157604455948,3.642365045140823,3.6793428734511577,0.9663556211943556,0.0031082430446582004,0.2510485756369682,0.3086793552333317,0.06679636743064314,0.9882494671471281,2.384409367622448,0.8433959132778639,1.613902640450156,1.0,33717,33717,152.5741627216339,2,0.9999997300754612,3.7577764407789895,3.779614338239506,4.041616098764358e-16,1.0,,,,,,,,
stage3_affine,chair__init-random__n_views-3__depth_kind-absolute__depth_lambda-0p1__scale-0p8,blender,chair,3,random,fps,2,white,gt,gt,0.0,0.0,0.8,0.0,0.0,0.0,absolute,0.1,7000,0,0,0.0,0.0,0.8,0.0,0.0,0.0,True,random,100000,"[0, 32, 6]","[0, 8, 16, 24, 32, 40, 48, 56, 64, 72, 80, 88, 96, 104, 112, 120, 128, 136, 144, 152, 160, 168, 176, 184, 192]",3,25,87.62690496444702,"[[500, 18.52674183328975], [1000, 17.440231753740342], [1500, 17.260359647819072], [2000, 17.126708152046575], [2500, 17.057448790793316], [3000, 17.063254575661347], [3500, 16.995221181756538], [4000, 17.016486185553173], [4500, 16.98244337642927], [5000, 16.975257823820865], [5500, 16.9774448564497], [6000, 16.969364042693456], [6500, 16.95069272941823], [7000, 16.92996270572605]]",4.306069181176648,29827,6.889710689883167e-06,14.869065895458295,0.7095457482337951,0.358155762553215,0.7438832021796966,1.0616551590468042,0.19485434094934445,0.6288478992578832,0.24116088707236544,0.3034773325792065,0.0639559649246746,0.9878897793946472,0.5796837970688231,0.034028414600639434,0.3068561058347313,0.7142413900093081,6906,9669,146.97438216209412,2,0.19999993323845255,0.7515552408443439,0.755922820645789,1.9308388620463914e-08,1.0,,,,,,,,
stage3_affine,chair__init-random__n_views-3__depth_kind-absolute__depth_lambda-0p1__scale-1p25,blender,chair,3,random,fps,2,white,gt,gt,0.0,0.0,1.25,0.0,0.0,0.0,absolute,0.1,7000,0,0,0.0,0.0,1.25,0.0,0.0,0.0,True,random,100000,"[0, 32, 6]","[0, 8, 16, 24, 32, 40, 48, 56, 64, 72, 80, 88, 96, 104, 112, 120, 128, 136, 144, 152, 160, 168, 176, 184, 192]",3,25,89.4851245880127,"[[500, 17.500811060107583], [1000, 16.35600418208075], [1500, 17.211167717363402], [2000, 17.220648897799023], [2500, 17.119888659641063], [3000, 17.06544525415601], [3500, 17.269025089971628], [4000, 17.225125717866547], [4500, 17.20148866843229], [5000, 17.209376100258467], [5500, 17.188250561022844], [6000, 17.177462644696913], [6500, 17.200683609015417], [7000, 17.174005761113634]]",4.306069181176648,59800,6.889710689883167e-06,14.349845200574295,0.6504240465164185,0.4133555394411087,0.7809715154539935,1.0134635578738778,0.20955215166733265,0.6380262567950077,0.25014092297443447,0.308293418917124,0.06652046254426217,0.9863928069505623,0.6275244134424808,0.040778607930273256,0.334151510686377,0.9969775924960917,9566,9595,126.23513221740723,2,0.2499999327076896,0.9394441109770296,0.9449035854596612,2.4344441895235588e-08,1.0,,,,,,,,
stage3_affine,chair__init-random__n_views-3__depth_kind-absolute__depth_lambda-0p1__scale-1p5,blender,chair,3,random,fps,2,white,gt,gt,0.0,0.0,1.5,0.0,0.0,0.0,absolute,0.1,7000,0,0,0.0,0.0,1.5,0.0,0.0,0.0,True,random,100000,"[0, 32, 6]","[0, 8, 16, 24, 32, 40, 48, 56, 64, 72, 80, 88, 96, 104, 112, 120, 128, 136, 144, 152, 160, 168, 176, 184, 192]",3,25,87.57426977157593,"[[500, 15.896377388105545], [1000, 15.70488109959777], [1500, 15.403364496269559], [2000, 15.323735832228166], [2500, 15.279021994404298], [3000, 15.22563158819458], [3500, 15.306861652423544], [4000, 15.326239275565671], [4500, 15.332738205606601], [5000, 15.349608887158942], [5500, 15.350961529536175], [6000, 15.360728870607073], [6500, 15.3717576109454], [7000, 15.3721223389345]]",4.306069181176648,65557,6.889710689883167e-06,12.803287860772395,0.668711222410202,0.4335495036840439,1.815774018564108,2.133682523088801,0.483488172855958,0.20979902765619912,0.25723438771386364,0.3149149951151948,0.06838375402280407,0.9854045097759213,0.910365909979549,0.12383318678022485,0.5170995483798869,1.0,16593,16593,130.93645668029785,2,0.4999998648636473,1.8788882197590195,1.8898071685259854,2.032898521819652e-08,1.0,,,,,,,,
stage3_affine,chair__init-random__n_views-3__depth_kind-absolute__depth_lambda-0p1__scale-2p0,blender,chair,3,random,fps,2,white,gt,gt,0.0,0.0,2.0,0.0,0.0,0.0,absolute,0.1,7000,0,0,0.0,0.0,2.0,0.0,0.0,0.0,True,random,100000,"[0, 32, 6]","[0, 8, 16, 24, 32, 40, 48, 56, 64, 72, 80, 88, 96, 104, 112, 120, 128, 136, 144, 152, 160, 168, 176, 184, 192]",3,25,87.06743168830872,"[[500, 15.64002709089625], [1000, 15.452371887208539], [1500, 14.999357983152507], [2000, 14.86443877885749], [2500, 14.88040517854445], [3000, 14.92595283880204], [3500, 15.166120556462623], [4000, 15.096426518800486], [4500, 15.040456210456629], [5000, 15.040301600056495], [5500, 15.035047949129755], [6000, 15.032531335338577], [6500, 15.034632660041868], [7000, 15.035136672374025]]",4.306069181176648,94816,6.889710689883167e-06,13.097258054495585,0.7203551054000854,0.38087633132934573,3.524821272810533,3.752487013158411,0.940856336963662,0.024731231969522136,0.25422623912512526,0.31089061681894825,0.06749017894546806,0.9883734443159355,2.3027070054147645,0.2261352321824156,1.26442111879859,1.0,18762,18762,128.74079775810242,2,0.9999997300754612,3.7577764407789895,3.779614338239506,4.041616098764358e-16,1.0,,,,,,,,
stage3_affine,lego__init-depth__n_views-3__depth_kind-absolute__depth_lambda-0p1__scale-0p8,blender,lego,3,depth,fps,2,white,gt,gt,0.0,0.0,0.8,0.0,0.0,0.0,absolute,0.1,7000,0,0,0.0,0.0,0.8,0.0,0.0,0.0,True,depth,25546,"[0, 89, 32]","[0, 8, 16, 24, 32, 40, 48, 56, 64, 72, 80, 88, 96, 104, 112, 120, 128, 136, 144, 152, 160, 168, 176, 184, 192]",3,25,87.78952360153198,"[[500, 8.228394620337912], [1000, 8.315122179806776], [1500, 8.368178166117058], [2000, 8.443333223408821], [2500, 8.474120600471288], [3000, 8.478360528160678], [3500, 8.419400404306476], [4000, 8.41872388539142], [4500, 8.421290762762267], [5000, 8.41572269683339], [5500, 8.414074068372345], [6000, 8.411244706310342], [6500, 8.413422155406955], [7000, 8.40760624733732]]",4.5367010562599654,40534,7.258721690016551e-06,9.517861367656028,0.5851703250408172,0.42995844841003417,1.1218056478277847,1.4593535692358228,0.3011777491418039,0.4650183120544679,0.2822049204716077,0.35581891134529436,0.07675576097744002,0.9796668150902446,0.5391638842319135,0.05689894539027567,0.2980314148110946,0.9554349055536704,16894,17682,117.24280381202698,2,0.19999992998232807,0.7161626574746002,0.7199992796529618,2.0226127027634443e-08,1.0,,,,,,,,
stage3_affine,lego__init-depth__n_views-3__depth_kind-absolute__depth_lambda-0p1__scale-1p25,blender,lego,3,depth,fps,2,white,gt,gt,0.0,0.0,1.25,0.0,0.0,0.0,absolute,0.1,7000,0,0,0.0,0.0,1.25,0.0,0.0,0.0,True,depth,25546,"[0, 89, 32]","[0, 8, 16, 24, 32, 40, 48, 56, 64, 72, 80, 88, 96, 104, 112, 120, 128, 136, 144, 152, 160, 168, 176, 184, 192]",3,25,94.22495222091675,"[[500, 9.868488056742585], [1000, 9.883496291345676], [1500, 9.541761091964492], [2000, 9.419351994034578], [2500, 9.311652922387502], [3000, 9.299707619687517], [3500, 9.465498807650949], [4000, 9.449874023806306], [4500, 9.456349564387704], [5000, 9.458237300857116], [5500, 9.465183630101855], [6000, 9.454981197562493], [6500, 9.456660909121208], [7000, 9.426965861887696]]",4.5367010562599654,79198,7.258721690016551e-06,10.127002756429581,0.5319823455810547,0.5105696415901184,0.9155748644252165,1.1488098691694728,0.2502034422583155,0.5501807935166813,0.28128094519410335,0.35858221853122985,0.07652243071766895,0.9741297029077578,0.5430854121143092,0.03600604095097066,0.28954572653263994,0.9372321487439836,14215,15167,120.27093744277954,2,0.24999992938552604,0.895203381686137,0.899999159081638,2.3915344264998866e-08,1.0,,,,,,,,
stage3_affine,lego__init-depth__n_views-3__depth_kind-absolute__depth_lambda-0p1__scale-1p5,blender,lego,3,depth,fps,2,white,gt,gt,0.0,0.0,1.5,0.0,0.0,0.0,absolute,0.1,7000,0,0,0.0,0.0,1.5,0.0,0.0,0.0,True,depth,25546,"[0, 89, 32]","[0, 8, 16, 24, 32, 40, 48, 56, 64, 72, 80, 88, 96, 104, 112, 120, 128, 136, 144, 152, 160, 168, 176, 184, 192]",3,25,91.54159927368164,"[[500, 7.091598820625578], [1000, 6.873196131882857], [1500, 6.79499757282112], [2000, 7.099618500203253], [2500, 7.400210403486728], [3000, 7.596474389139385], [3500, 7.776887617891147], [4000, 8.021592953393306], [4500, 8.235921337076505], [5000, 8.258122174647816], [5500, 8.313651429205363], [6000, 8.349113274525712], [6500, 8.389330740965807], [7000, 8.394794055159249]]",4.5367010562599654,116908,7.258721690016551e-06,8.341420931967859,0.5038345885276795,0.5564342534542084,1.1816956429157712,1.3813523213016117,0.32448023966454587,0.35104292572218937,0.2735398351017888,0.34866247447963117,0.07452635621429475,0.9794698855147997,0.6688870238301643,0.04090392561315187,0.35489547472165806,0.9971189952091156,30803,30892,120.85360145568848,2,0.4999998588773873,1.79040676370915,1.7999983185230228,2.1866444147234024e-08,1.0,,,,,,,,
stage3_affine,lego__init-depth__n_views-3__depth_kind-absolute__depth_lambda-0p1__scale-2p0,blender,lego,3,depth,fps,2,white,gt,gt,0.0,0.0,2.0,0.0,0.0,0.0,absolute,0.1,7000,0,0,0.0,0.0,2.0,0.0,0.0,0.0,True,depth,25546,"[0, 89, 32]","[0, 8, 16, 24, 32, 40, 48, 56, 64, 72, 80, 88, 96, 104, 112, 120, 128, 136, 144, 152, 160, 168, 176, 184, 192]",3,25,89.46357440948486,"[[500, 6.870788569282854], [1000, 6.879658324652113], [1500, 6.827783182208003], [2000, 6.845566932621539], [2500, 6.845262796384617], [3000, 6.844128729091853], [3500, 6.860291291323275], [4000, 6.8594996032155695], [4500, 6.858687642452408], [5000, 6.858423230676362], [5500, 6.858138190698039], [6000, 6.857559193181379], [6500, 6.855878555688692], [7000, 6.855739598852281]]",4.5367010562599654,159211,7.258721690016551e-06,8.209787109343969,0.5628407394886017,0.47899477362632753,3.4731135154397488,3.52391766378194,0.9485957741065993,0.00307524143263406,0.27062388237026236,0.3407035339813278,0.07375914664388043,0.9789893806319288,2.097462708332338,0.3504634203648763,1.223963064348607,1.0,46821,46821,113.37600493431091,2,0.9999997174698912,3.5808135264502674,3.5999966360671998,1.2591993297290786e-16,1.0,,,,,,,,
stage3_affine,lego__init-depth__n_views-3__depth_kind-ssi__depth_lambda-0p0__scale-0p8,blender,lego,3,depth,fps,2,white,gt,gt,0.0,0.0,0.8,0.0,0.0,0.0,ssi,0.0,7000,0,0,0.0,0.0,0.8,0.0,0.0,0.0,True,depth,25546,"[0, 89, 32]","[0, 8, 16, 24, 32, 40, 48, 56, 64, 72, 80, 88, 96, 104, 112, 120, 128, 136, 144, 152, 160, 168, 176, 184, 192]",3,25,83.43370532989502,"[[500, 7.971773943373348], [1000, 9.177124273385711], [1500, 8.821752589228737], [2000, 8.770395317766168], [2500, 8.755325863005602], [3000, 8.733019301100754], [3500, 9.309368295195961], [4000, 9.232474137959052], [4500, 9.20177074221386], [5000, 9.195321020842504], [5500, 9.191172144896784], [6000, 9.186821365912635], [6500, 9.169168124996744], [7000, 9.15207409729341]]",4.5367010562599654,47149,7.258721690016551e-06,10.244688463306044,0.5700513637065887,0.4304943990707397,0.828675815984929,1.2332178475484694,0.2251922356577105,0.6677358211350628,0.28162353376580174,0.355683953748106,0.07659340840850294,0.9771342833401395,0.39553414133053305,0.063017969211759,0.22927605527114603,0.8984507106622184,19659,21881,109.69415020942688,2,0.19999992998232807,0.7161626574746002,0.7199992796529618,2.0226127027634443e-08,1.0,,,,,,,,
stage3_affine,lego__init-depth__n_views-3__depth_kind-ssi__depth_lambda-0p0__scale-1p25,blender,lego,3,depth,fps,2,white,gt,gt,0.0,0.0,1.25,0.0,0.0,0.0,ssi,0.0,7000,0,0,0.0,0.0,1.25,0.0,0.0,0.0,True,depth,25546,"[0, 89, 32]","[0, 8, 16, 24, 32, 40, 48, 56, 64, 72, 80, 88, 96, 104, 112, 120, 128, 136, 144, 152, 160, 168, 176, 184, 192]",3,25,85.08098864555359,"[[500, 11.30917799765935], [1000, 12.470722400868214], [1500, 12.358217221120826], [2000, 12.338605083261971], [2500, 12.325135143040427], [3000, 12.311637685997933], [3500, 12.557320336514358], [4000, 12.535988225916215], [4500, 12.53407876864759], [5000, 12.53002893108529], [5500, 12.535063022912912], [6000, 12.532211863314597], [6500, 12.533986238077823], [7000, 12.531417955958212]]",4.5367010562599654,52687,7.258721690016551e-06,12.691641557096034,0.6265124607086182,0.3810726308822632,0.5593747516662146,1.0590117416228846,0.1535641511734004,0.8624201120561608,0.2729062261660543,0.34912948064449867,0.07432104940175083,0.9762519315893582,0.16407882501643456,0.02720779999978809,0.09564331250811133,0.5616688396349413,10770,19175,100.35808515548706,2,0.24999992938552604,0.895203381686137,0.899999159081638,2.3915344264998866e-08,1.0,,,,,,,,
stage3_affine,lego__init-depth__n_views-3__depth_kind-ssi__depth_lambda-0p0__scale-1p5,blender,lego,3,depth,fps,2,white,gt,gt,0.0,0.0,1.5,0.0,0.0,0.0,ssi,0.0,7000,0,0,0.0,0.0,1.5,0.0,0.0,0.0,True,depth,25546,"[0, 89, 32]","[0, 8, 16, 24, 32, 40, 48, 56, 64, 72, 80, 88, 96, 104, 112, 120, 128, 136, 144, 152, 160, 168, 176, 184, 192]",3,25,84.90520811080933,"[[500, 7.154831665261431], [1000, 7.133544206547267], [1500, 7.111922440716452], [2000, 7.107933132697209], [2500, 7.101225414710535], [3000, 7.101033792057919], [3500, 7.202877985379613], [4000, 7.194759448207854], [4500, 7.193177159875246], [5000, 7.190465152017402], [5500, 7.193601080568375], [6000, 7.194511367214747], [6500, 7.193535442239995], [7000, 7.194035623198809]]",4.5367010562599654,98349,7.258721690016551e-06,8.094595867638121,0.49083600521087645,0.5314409840106964,1.9276105607629415,2.378431602750173,0.5305752241721009,0.3221987285838749,0.2737807249945599,0.348975275916941,0.07448216824011546,0.9768798905335392,0.8412695023797634,0.09057865249013897,0.4659240774349512,0.9559583775185578,28847,30176,112.86984634399414,2,0.4999998588773873,1.79040676370915,1.7999983185230228,2.1866444147234024e-08,1.0,,,,,,,,
stage3_affine,lego__init-depth__n_views-3__depth_kind-ssi__depth_lambda-0p0__scale-2p0,blender,lego,3,depth,fps,2,white,gt,gt,0.0,0.0,2.0,0.0,0.0,0.0,ssi,0.0,7000,0,0,0.0,0.0,2.0,0.0,0.0,0.0,True,depth,25546,"[0, 89, 32]","[0, 8, 16, 24, 32, 40, 48, 56, 64, 72, 80, 88, 96, 104, 112, 120, 128, 136, 144, 152, 160, 168, 176, 184, 192]",3,25,84.52395558357239,"[[500, 6.8153510072619135], [1000, 6.780052059007432], [1500, 6.776213272468231], [2000, 6.771080873234908], [2500, 6.76871646216809], [3000, 6.766690275053707], [3500, 6.7660865381821145], [4000, 6.76601664058183], [4500, 6.764797323913849], [5000, 6.7683789807427335], [5500, 6.767876488862043], [6000, 6.768435430607729], [6500, 6.7663874659941], [7000, 6.76678380372155]]",4.5367010562599654,153065,7.258721690016551e-06,8.136894883129079,0.5639699912071228,0.478759263753891,3.506913590532597,3.551879827180942,0.9572854468325228,0.004610444955102384,0.2704737332427085,0.34031718079927537,0.07368121403944251,0.9792153378536074,2.138124410871141,0.40785647553899596,1.2729904432050685,1.0,44574,44574,108.76647973060608,2,0.9999997174698912,3.5808135264502674,3.5999966360671998,1.2591993297290786e-16,1.0,,,,,,,,
stage3_affine,lego__init-depth__n_views-3__depth_kind-ssi__depth_lambda-0p1__scale-0p8,blender,lego,3,depth,fps,2,white,gt,gt,0.0,0.0,0.8,0.0,0.0,0.0,ssi,0.1,7000,0,0,0.0,0.0,0.8,0.0,0.0,0.0,True,depth,25546,"[0, 89, 32]","[0, 8, 16, 24, 32, 40, 48, 56, 64, 72, 80, 88, 96, 104, 112, 120, 128, 136, 144, 152, 160, 168, 176, 184, 192]",3,25,96.3852047920227,"[[500, 8.234145427158774], [1000, 9.141755271049993], [1500, 8.92909875550178], [2000, 8.781066183508646], [2500, 8.74519051425919], [3000, 8.701448618721864], [3500, 9.160613978182525], [4000, 9.058030754933178], [4500, 9.044750577850152], [5000, 9.021252372605266], [5500, 9.00419485610325], [6000, 8.987271917045383], [6500, 8.982747600098069], [7000, 8.954755425620048]]",4.5367010562599654,42249,7.258721690016551e-06,10.002886735182278,0.5668161129951477,0.429811863899231,0.8477517913233923,1.2109942075451274,0.2280192279350763,0.6215407319765389,0.2804677583954045,0.35522826847232525,0.07632520459361367,0.9782325667144712,0.4613193650875764,0.048398932500329166,0.25485914879395277,0.8897764406867577,17154,19279,125.35408234596252,2,0.19999992998232807,0.7161626574746002,0.7199992796529618,2.0226127027634443e-08,1.0,,,,,,,,
stage3_affine,lego__init-depth__n_views-3__depth_kind-ssi__depth_lambda-0p1__scale-1p25,blender,lego,3,depth,fps,2,white,gt,gt,0.0,0.0,1.25,0.0,0.0,0.0,ssi,0.1,7000,0,0,0.0,0.0,1.25,0.0,0.0,0.0,True,depth,25546,"[0, 89, 32]","[0, 8, 16, 24, 32, 40, 48, 56, 64, 72, 80, 88, 96, 104, 112, 120, 128, 136, 144, 152, 160, 168, 176, 184, 192]",3,25,98.7515013217926,"[[500, 12.035646802135403], [1000, 14.024067063298435], [1500, 14.475508933168534], [2000, 14.483216776827572], [2500, 14.486758939619461], [3000, 14.468080681021947], [3500, 15.133747602732072], [4000, 15.097401697668088], [4500, 15.068465873398996], [5000, 15.042258771426779], [5500, 15.030473238843735], [6000, 15.02083639178639], [6500, 15.013931875498214], [7000, 15.000119857134887]]",4.5367010562599654,53504,7.258721690016551e-06,14.30930895916037,0.6458020353317261,0.3617806601524353,0.2996523811288435,0.5894052185818084,0.0800658215640287,0.91914191939875,0.2258837266919884,0.30390117613482,0.061273018720501,0.9853942378048867,0.2069127500259911,0.014459705548795236,0.11068622778739318,0.42209952573086995,5963,14127,114.50770592689514,2,0.24999992938552604,0.895203381686137,0.899999159081638,2.3915344264998866e-08,1.0,,,,,,,,
stage3_affine,lego__init-depth__n_views-3__depth_kind-ssi__depth_lambda-0p1__scale-1p5,blender,lego,3,depth,fps,2,white,gt,gt,0.0,0.0,1.5,0.0,0.0,0.0,ssi,0.1,7000,0,0,0.0,0.0,1.5,0.0,0.0,0.0,True,depth,25546,"[0, 89, 32]","[0, 8, 16, 24, 32, 40, 48, 56, 64, 72, 80, 88, 96, 104, 112, 120, 128, 136, 144, 152, 160, 168, 176, 184, 192]",3,25,100.02431130409241,"[[500, 7.006395172274762], [1000, 7.019591414245561], [1500, 6.936602018584841], [2000, 6.906691289130631], [2500, 6.904878230670185], [3000, 6.891223480189055], [3500, 6.9418768783308655], [4000, 6.948940367557035], [4500, 6.959071821721019], [5000, 6.9811828585810165], [5500, 6.986892091886348], [6000, 6.98858999663943], [6500, 6.985454888562641], [7000, 6.988533989723045]]",4.5367010562599654,112982,7.258721690016551e-06,7.678614660815629,0.45510027766227723,0.5563975811004639,2.1057737286804312,2.428813161091382,0.5770569939619734,0.17654242310092744,0.27471025575816027,0.3486184816302114,0.07478893212133468,0.9788260436571045,1.004490402955589,0.11029483309585507,0.557392618025722,0.9999626963106651,26806,26807,128.8796820640564,2,0.4999998588773873,1.79040676370915,1.7999983185230228,2.1866444147234024e-08,1.0,,,,,,,,
stage3_affine,lego__init-depth__n_views-3__depth_kind-ssi__depth_lambda-0p1__scale-2p0,blender,lego,3,depth,fps,2,white,gt,gt,0.0,0.0,2.0,0.0,0.0,0.0,ssi,0.1,7000,0,0,0.0,0.0,2.0,0.0,0.0,0.0,True,depth,25546,"[0, 89, 32]","[0, 8, 16, 24, 32, 40, 48, 56, 64, 72, 80, 88, 96, 104, 112, 120, 128, 136, 144, 152, 160, 168, 176, 184, 192]",3,25,98.68118929862976,"[[500, 6.834937884300462], [1000, 6.752109702820387], [1500, 6.737250566031758], [2000, 6.739378099441363], [2500, 6.742617084035014], [3000, 6.720237096073608], [3500, 6.75854633378825], [4000, 6.776730399818404], [4500, 6.777339421992855], [5000, 6.782274498363925], [5500, 6.784488672878114], [6000, 6.785880673789503], [6500, 6.7824381766926765], [7000, 6.788553769964807]]",4.5367010562599654,159751,7.258721690016551e-06,8.159035085060804,0.5601005029678344,0.48270985126495364,3.3920923676032713,3.4707247851890446,0.9259141784609084,0.013936460751352188,0.27129328953478793,0.34143917778156335,0.07393978008523346,0.9813570717289904,2.156400507829905,0.41592302916485924,1.286161768497382,1.0,37089,37089,122.30597066879272,2,0.9999997174698912,3.5808135264502674,3.5999966360671998,1.2591993297290786e-16,1.0,,,,,,,,
stage3_affine,lego__init-random__n_views-3__depth_kind-absolute__depth_lambda-0p1__scale-0p8,blender,lego,3,random,fps,2,white,gt,gt,0.0,0.0,0.8,0.0,0.0,0.0,absolute,0.1,7000,0,0,0.0,0.0,0.8,0.0,0.0,0.0,True,random,100000,"[0, 89, 32]","[0, 8, 16, 24, 32, 40, 48, 56, 64, 72, 80, 88, 96, 104, 112, 120, 128, 136, 144, 152, 160, 168, 176, 184, 192]",3,25,89.96787190437317,"[[500, 10.766863335344723], [1000, 10.403640178391743], [1500, 10.200288853486715], [2000, 10.108182477778573], [2500, 10.060479753970743], [3000, 10.037012616556034], [3500, 10.225813802291267], [4000, 10.133966374925235], [4500, 10.127505288660133], [5000, 10.100508349692632], [5500, 10.089756847466685], [6000, 10.054028098346432], [6500, 10.048702019820515], [7000, 10.02392439084192]]",4.5367010562599654,43562,7.258721690016551e-06,11.038245795956213,0.5512697851657867,0.4345882260799408,0.49636012378453226,0.7383667337996701,0.1322124380013988,0.7543101721430315,0.2646207178079119,0.3409101496549776,0.07217243828631453,0.9802149843032315,0.38066186846994915,0.03631051825590161,0.20848619336292537,0.6570968127014444,11009,16754,116.73737001419067,2,0.19999992998232807,0.7161626574746002,0.7199992796529618,2.0226127027634443e-08,1.0,,,,,,,,
stage3_affine,lego__init-random__n_views-3__depth_kind-absolute__depth_lambda-0p1__scale-1p25,blender,lego,3,random,fps,2,white,gt,gt,0.0,0.0,1.25,0.0,0.0,0.0,absolute,0.1,7000,0,0,0.0,0.0,1.25,0.0,0.0,0.0,True,random,100000,"[0, 89, 32]","[0, 8, 16, 24, 32, 40, 48, 56, 64, 72, 80, 88, 96, 104, 112, 120, 128, 136, 144, 152, 160, 168, 176, 184, 192]",3,25,93.90814542770386,"[[500, 11.100975982824174], [1000, 10.588909351691804], [1500, 10.686539147699904], [2000, 9.81831702760894], [2500, 9.623394703115657], [3000, 9.417908766680455], [3500, 9.575660984115856], [4000, 9.455717297869072], [4500, 9.377667131055404], [5000, 9.229446104390515], [5500, 9.20623007554331], [6000, 9.211559051649337], [6500, 9.167328446672323], [7000, 9.175411500909718]]",4.5367010562599654,89850,7.258721690016551e-06,9.940246985053948,0.5284777522087097,0.5275280153751374,0.7976965716517497,1.011235548336295,0.21570599504708912,0.597388839229805,0.27213656292912264,0.3464525959737274,0.07410815954897329,0.9786616529587464,0.6963289180083307,0.030986046901109492,0.3636574824547201,0.9525224813290657,12499,13122,123.1856324672699,2,0.24999992938552604,0.895203381686137,0.899999159081638,2.3915344264998866e-08,1.0,,,,,,,,
stage3_affine,lego__init-random__n_views-3__depth_kind-absolute__depth_lambda-0p1__scale-1p5,blender,lego,3,random,fps,2,white,gt,gt,0.0,0.0,1.5,0.0,0.0,0.0,absolute,0.1,7000,0,0,0.0,0.0,1.5,0.0,0.0,0.0,True,random,100000,"[0, 89, 32]","[0, 8, 16, 24, 32, 40, 48, 56, 64, 72, 80, 88, 96, 104, 112, 120, 128, 136, 144, 152, 160, 168, 176, 184, 192]",3,25,91.20396399497986,"[[500, 8.880198765966743], [1000, 8.093464649187977], [1500, 7.893603850052793], [2000, 7.875385853745002], [2500, 7.744081028254052], [3000, 7.764221843688481], [3500, 7.888143720449259], [4000, 7.93185626296485], [4500, 7.987215435920582], [5000, 7.997026538034396], [5500, 8.00861082124574], [6000, 7.977672593962132], [6500, 7.953179625115199], [7000, 7.957315660027099]]",4.5367010562599654,106291,7.258721690016551e-06,9.225164755942039,0.5651133608818054,0.5195463645458221,1.321151806334735,1.4457643463072014,0.35725663904248817,0.23689044926730995,0.2723798668791979,0.3442303251555067,0.0740812890442677,0.9831493441783704,0.8861314466858211,0.04981678724593684,0.467974116965879,0.9959192628345765,22697,22790,123.50316381454468,2,0.4999998588773873,1.79040676370915,1.7999983185230228,2.1866444147234024e-08,1.0,,,,,,,,
stage3_affine,lego__init-random__n_views-3__depth_kind-absolute__depth_lambda-0p1__scale-2p0,blender,lego,3,random,fps,2,white,gt,gt,0.0,0.0,2.0,0.0,0.0,0.0,absolute,0.1,7000,0,0,0.0,0.0,2.0,0.0,0.0,0.0,True,random,100000,"[0, 89, 32]","[0, 8, 16, 24, 32, 40, 48, 56, 64, 72, 80, 88, 96, 104, 112, 120, 128, 136, 144, 152, 160, 168, 176, 184, 192]",3,25,97.23767948150635,"[[500, 8.362795975735109], [1000, 7.490681529634148], [1500, 7.319730073001886], [2000, 7.229711763871952], [2500, 7.252704025517893], [3000, 7.307927545069655], [3500, 7.219296932229054], [4000, 7.233171614928919], [4500, 7.246514521179021], [5000, 7.25875547844507], [5500, 7.261852164287539], [6000, 7.26519043969631], [6500, 7.267081741514321], [7000, 7.265996166293883]]",4.5367010562599654,291627,7.258721690016551e-06,8.6555214820169,0.539328064918518,0.5207475912570954,2.795268494319343,3.4935024572851434,0.7662566942593882,0.11364047393192496,0.2750219420707944,0.3513416500688613,0.07486445658101541,0.9748946962581363,2.8262200434821043,0.10708264986060667,1.4666513466713555,0.9977489929705394,25265,25322,127.72356700897217,2,0.9999997174698912,3.5808135264502674,3.5999966360671998,1.2591993297290786e-16,1.0,,,,,,,,
stage3_noise,chair__init-depth__n_views-3__depth_kind-absolute__depth_lambda-0p1__sigma_rel-0p05,blender,chair,3,depth,fps,2,white,gt,gt,0.05,0.0,1.0,0.0,0.0,0.0,absolute,0.1,7000,0,0,0.05,0.0,1.0,0.0,0.0,0.0,True,depth,19669,"[0, 32, 6]","[0, 8, 16, 24, 32, 40, 48, 56, 64, 72, 80, 88, 96, 104, 112, 120, 128, 136, 144, 152, 160, 168, 176, 184, 192]",3,25,90.1265606880188,"[[500, 23.555789928726654], [1000, 23.46637879849153], [1500, 23.178805611646133], [2000, 23.021678744876226], [2500, 22.88316633251983], [3000, 22.788042922258477], [3500, 22.978311011806248], [4000, 22.826594594153075], [4500, 22.75110109171548], [5000, 22.677441040566187], [5500, 22.616222504645542], [6000, 22.564328806775286], [6500, 22.507229336915714], [7000, 22.463833705679388]]",4.306069181176648,36453,6.889710689883167e-06,19.69658451059728,0.8109260177612305,0.1809697315096855,0.14056117440261792,0.234680955867662,0.03660561604106551,0.9793529598458774,0.12941315420321559,0.18493511215176994,0.03419939228593027,0.9952377741615117,0.11376103359398265,0.009283067144726478,0.06152205036935456,0.168141592920354,2299,13673,106.48409700393677,2,0.03986174424417919,0.1480234556960335,0.18575258337199071,0.03547297830621706,1.0,,,,,,,,
stage3_noise,chair__init-depth__n_views-3__depth_kind-absolute__depth_lambda-0p1__sigma_rel-0p1,blender,chair,3,depth,fps,2,white,gt,gt,0.1,0.0,1.0,0.0,0.0,0.0,absolute,0.1,7000,0,0,0.1,0.0,1.0,0.0,0.0,0.0,True,depth,19669,"[0, 32, 6]","[0, 8, 16, 24, 32, 40, 48, 56, 64, 72, 80, 88, 96, 104, 112, 120, 128, 136, 144, 152, 160, 168, 176, 184, 192]",3,25,89.66847801208496,"[[500, 21.599622685079115], [1000, 22.262426941339207], [1500, 21.84255958479086], [2000, 21.533827032836804], [2500, 21.333286393399188], [3000, 21.185249596052067], [3500, 21.24845007320166], [4000, 20.90139627133379], [4500, 20.597927170196126], [5000, 20.51008405878197], [5500, 20.452367403145317], [6000, 20.413466412459087], [6500, 20.34771385932835], [7000, 20.306687433737125]]",4.306069181176648,38364,6.889710689883167e-06,18.137715898076056,0.7832566046714783,0.22621013551950456,0.2330551092655903,0.3284778429918951,0.0607981136550647,0.9557889603957425,0.18125498697604253,0.24013285011098784,0.047896195094248,0.9937691587308127,0.24148758506819548,0.012081624932381307,0.1267846050002884,0.3210584496338262,4647,14474,110.19322276115417,2,0.07972348841330362,0.29604691102073577,0.3715051665876972,0.05671067389284929,1.0,,,,,,,,
stage3_noise,chair__init-depth__n_views-3__depth_kind-absolute__depth_lambda-0p1__sigma_rel-0p2,blender,chair,3,depth,fps,2,white,gt,gt,0.2,0.0,1.0,0.0,0.0,0.0,absolute,0.1,7000,0,0,0.2,0.0,1.0,0.0,0.0,0.0,True,depth,19668,"[0, 32, 6]","[0, 8, 16, 24, 32, 40, 48, 56, 64, 72, 80, 88, 96, 104, 112, 120, 128, 136, 144, 152, 160, 168, 176, 184, 192]",3,25,91.67886114120483,"[[500, 21.11041744633794], [1000, 21.242556067190232], [1500, 20.889408043243527], [2000, 20.59676199049721], [2500, 20.25186940771617], [3000, 19.80018848542995], [3500, 19.788912062615708], [4000, 19.51657576622869], [4500, 19.26850585866969], [5000, 19.171896205668755], [5500, 18.15931122300152], [6000, 17.018979591273155], [6500, 15.80334177881906], [7000, 16.369378366061866]]",4.306069181176648,67440,6.889710689883167e-06,15.4913966968913,0.7884234428405762,0.28018433272838594,1.168336217133087,1.2424788916277978,0.31572000645663073,0.47843012252776745,0.23927136155501813,0.297165624214065,0.06338447013514245,0.9865980618192719,1.0163356665232361,0.024308010039459503,0.5203218382813478,0.5054530394367494,10984,21731,135.96087980270386,2,0.15943779015070736,0.5920630238796387,0.7429290778110736,0.07572423319667747,0.9999897473753281,,,,,,,,
stage3_noise,chair__init-depth__n_views-3__depth_kind-absolute__depth_lambda-0p1__sigma_rel-0p4,blender,chair,3,depth,fps,2,white,gt,gt,0.4,0.0,1.0,0.0,0.0,0.0,absolute,0.1,7000,0,0,0.4,0.0,1.0,0.0,0.0,0.0,True,depth,19542,"[0, 32, 6]","[0, 8, 16, 24, 32, 40, 48, 56, 64, 72, 80, 88, 96, 104, 112, 120, 128, 136, 144, 152, 160, 168, 176, 184, 192]",3,25,101.23833680152893,"[[500, 20.26407573381352], [1000, 20.345052643347294], [1500, 19.17343939467525], [2000, 17.988216687473805], [2500, 17.613560678615126], [3000, 17.079286147581975], [3500, 17.113314495343673], [4000, 16.817512438280826], [4500, 16.716940185774188], [5000, 16.669058229288947], [5500, 16.714040331135152], [6000, 16.828739530113747], [6500, 16.85472320360759], [7000, 16.884002611746798]]",4.306069181176648,285355,6.889710689883167e-06,14.289901363753966,0.6917146611213684,0.417170387506485,1.2222756548009415,1.4936238091433685,0.32672559136574064,0.4404780521426657,0.25567182813621137,0.31189684908894455,0.06784615360607832,0.9872946308343061,1.150078342436514,0.025385881468813,0.5877321119526635,0.7378760979256214,31587,42808,157.87879824638367,2,0.3128467647778021,1.1635635086641407,1.4508211097812531,0.08697561915839058,0.9927330939181696,,,,,,,,
stage3_noise,chair__init-depth__n_views-3__depth_kind-ssi__depth_lambda-0p0__sigma_rel-0p05,blender,chair,3,depth,fps,2,white,gt,gt,0.05,0.0,1.0,0.0,0.0,0.0,ssi,0.0,7000,0,0,0.05,0.0,1.0,0.0,0.0,0.0,True,depth,19669,"[0, 32, 6]","[0, 8, 16, 24, 32, 40, 48, 56, 64, 72, 80, 88, 96, 104, 112, 120, 128, 136, 144, 152, 160, 168, 176, 184, 192]",3,25,84.09076380729675,"[[500, 21.87354014661792], [1000, 22.16210138239011], [1500, 21.98222527322483], [2000, 21.83014042732019], [2500, 21.753377814879304], [3000, 21.719955497157436], [3500, 21.860107211511362], [4000, 21.79971775679473], [4500, 21.786641425548346], [5000, 21.76749799038212], [5500, 21.74845682504916], [6000, 21.742263348453296], [6500, 21.733666893722482], [7000, 21.731506165115846]]",4.306069181176648,36568,6.889710689883167e-06,18.966911801051868,0.8072912120819091,0.187562780380249,0.15147528416707473,0.229133415558505,0.03953191262816928,0.9760113041676186,0.12320027018013208,0.17988591264551837,0.032554454427611755,0.9948099588065831,0.08672651712024777,0.012048759777625952,0.049387638448936864,0.22397412573276734,3324,14841,98.22902798652649,2,0.03986174424417919,0.1480234556960335,0.18575258337199071,0.03547297830621706,1.0,,,,,,,,
stage3_noise,chair__init-depth__n_views-3__depth_kind-ssi__depth_lambda-0p0__sigma_rel-0p1,blender,chair,3,depth,fps,2,white,gt,gt,0.1,0.0,1.0,0.0,0.0,0.0,ssi,0.0,7000,0,0,0.1,0.0,1.0,0.0,0.0,0.0,True,depth,19669,"[0, 32, 6]","[0, 8, 16, 24, 32, 40, 48, 56, 64, 72, 80, 88, 96, 104, 112, 120, 128, 136, 144, 152, 160, 168, 176, 184, 192]",3,25,84.01617121696472,"[[500, 19.492957397791166], [1000, 20.584649861563513], [1500, 20.267013811313035], [2000, 20.118909732044898], [2500, 20.039992268852593], [3000, 20.017373307770338], [3500, 20.208443247848045], [4000, 20.15110042010174], [4500, 20.135021821381923], [5000, 20.101801842189438], [5500, 20.08408634737089], [6000, 20.07945710038189], [6500, 20.05696063493757], [7000, 20.058196632259236]]",4.306069181176648,34112,6.889710689883167e-06,17.647761550069685,0.7913959527015686,0.22533401042222978,0.23261518169974083,0.3220248573816248,0.06052906942800629,0.9525253459835511,0.1622726827120451,0.22156156189291132,0.042846845268907606,0.9947092476477831,0.1544166424214468,0.01447936105664126,0.08444800173904403,0.3728493812254754,4941,13252,103.19991517066956,2,0.07972348841330362,0.29604691102073577,0.3715051665876972,0.05671067389284929,1.0,,,,,,,,
stage3_noise,chair__init-depth__n_views-3__depth_kind-ssi__depth_lambda-0p0__sigma_rel-0p2,blender,chair,3,depth,fps,2,white,gt,gt,0.2,0.0,1.0,0.0,0.0,0.0,ssi,0.0,7000,0,0,0.2,0.0,1.0,0.0,0.0,0.0,True,depth,19668,"[0, 32, 6]","[0, 8, 16, 24, 32, 40, 48, 56, 64, 72, 80, 88, 96, 104, 112, 120, 128, 136, 144, 152, 160, 168, 176, 184, 192]",3,25,85.59041810035706,"[[500, 17.099085735365712], [1000, 19.196410018336813], [1500, 18.86644488945886], [2000, 18.67273895254666], [2500, 18.57748498279699], [3000, 18.556211597027183], [3500, 18.83020013804991], [4000, 18.75353145456336], [4500, 18.705719620778044], [5000, 18.664439986032995], [5500, 18.62814211449995], [6000, 18.613398210029736], [6500, 18.593510016938758], [7000, 18.588332814784046]]",4.306069181176648,34986,6.889710689883167e-06,15.141260667038338,0.7343201899528503,0.32378371894359587,0.39882793010287804,0.5327854793045523,0.1060137555369793,0.852032945869944,0.21341773881681178,0.27356063142078213,0.05638714743810609,0.992451696240286,0.4879067106394233,0.016184946247377808,0.25204582844340057,0.5520661157024793,6680,12100,142.13081431388855,2,0.15943779015070736,0.5920630238796387,0.7429290778110736,0.07572423319667747,0.9999897473753281,,,,,,,,
stage3_noise,chair__init-depth__n_views-3__depth_kind-ssi__depth_lambda-0p0__sigma_rel-0p4,blender,chair,3,depth,fps,2,white,gt,gt,0.4,0.0,1.0,0.0,0.0,0.0,ssi,0.0,7000,0,0,0.4,0.0,1.0,0.0,0.0,0.0,True,depth,19542,"[0, 32, 6]","[0, 8, 16, 24, 32, 40, 48, 56, 64, 72, 80, 88, 96, 104, 112, 120, 128, 136, 144, 152, 160, 168, 176, 184, 192]",3,25,86.09011125564575,"[[500, 15.734868258259535], [1000, 18.43133328589723], [1500, 17.85050315313151], [2000, 17.623842720378114], [2500, 17.567990115563685], [3000, 17.486712728607124], [3500, 17.78515566846579], [4000, 17.652388474123097], [4500, 17.60232501024349], [5000, 17.55301925296939], [5500, 17.52554083466488], [6000, 17.50081236959893], [6500, 17.46947554787721], [7000, 17.448051613856716]]",4.306069181176648,50481,6.889710689883167e-06,14.755424493692438,0.6861124348640442,0.382109717130661,0.3979799693947686,0.6298654333139344,0.1071085360291456,0.870370315249195,0.22269955313458362,0.28531857968982133,0.05898954503915446,0.9893077948128196,0.7470316245792393,0.014033213121758464,0.3805324188504989,0.6818545163868905,10236,15012,134.87523484230042,2,0.3128467647778021,1.1635635086641407,1.4508211097812531,0.08697561915839058,0.9927330939181696,,,,,,,,
stage3_noise,chair__init-depth__n_views-3__depth_kind-ssi__depth_lambda-0p1__sigma_rel-0p05,blender,chair,3,depth,fps,2,white,gt,gt,0.05,0.0,1.0,0.0,0.0,0.0,ssi,0.1,7000,0,0,0.05,0.0,1.0,0.0,0.0,0.0,True,depth,19669,"[0, 32, 6]","[0, 8, 16, 24, 32, 40, 48, 56, 64, 72, 80, 88, 96, 104, 112, 120, 128, 136, 144, 152, 160, 168, 176, 184, 192]",3,25,97.50455594062805,"[[500, 22.63064370492682], [1000, 22.86219096003909], [1500, 22.53906446803958], [2000, 22.26177691824524], [2500, 22.102350795936673], [3000, 21.982727874374113], [3500, 22.27809650939865], [4000, 21.99371416982225], [4500, 21.846091575501394], [5000, 21.713722888972736], [5500, 21.629122244352022], [6000, 21.530415924793285], [6500, 21.450161137383123], [7000, 21.397035729753917]]",4.306069181176648,36553,6.889710689883167e-06,18.99747512404978,0.8029727149009704,0.20205842316150666,0.1692258703649458,0.25584082266578956,0.04390191816902585,0.9734909343789857,0.14487410213471186,0.20414490052222548,0.03817675151666459,0.9930314268825975,0.1140052293345037,0.010210851712550038,0.06210804052352687,0.19374045801526718,2538,13100,114.08246779441833,2,0.03986174424417919,0.1480234556960335,0.18575258337199071,0.03547297830621706,1.0,,,,,,,,
stage3_noise,chair__init-depth__n_views-3__depth_kind-ssi__depth_lambda-0p1__sigma_rel-0p1,blender,chair,3,depth,fps,2,white,gt,gt,0.1,0.0,1.0,0.0,0.0,0.0,ssi,0.1,7000,0,0,0.1,0.0,1.0,0.0,0.0,0.0,True,depth,19669,"[0, 32, 6]","[0, 8, 16, 24, 32, 40, 48, 56, 64, 72, 80, 88, 96, 104, 112, 120, 128, 136, 144, 152, 160, 168, 176, 184, 192]",3,25,99.83814120292664,"[[500, 19.623373425429268], [1000, 20.581250465548667], [1500, 20.21633156652051], [2000, 19.981632538206476], [2500, 19.778985817982093], [3000, 19.553625893920536], [3500, 19.76547086509148], [4000, 19.632157732035388], [4500, 19.539642954337246], [5000, 19.44141177516904], [5500, 19.388599318070618], [6000, 19.36614674749238], [6500, 19.325116233810196], [7000, 19.29436448852406]]",4.306069181176648,57452,6.889710689883167e-06,16.901915839965454,0.7740781569480896,0.2674500226974487,0.3967188758469269,0.5018136629185004,0.10302355657493427,0.8635621906656926,0.23052119809730626,0.28949875901854605,0.06073806656762053,0.9901651491498549,0.3973189436918037,0.018104062466336644,0.2077115030790702,0.4295006570302234,6537,15220,134.60464930534363,2,0.07972348841330362,0.29604691102073577,0.3715051665876972,0.05671067389284929,1.0,,,,,,,,
stage3_noise,chair__init-depth__n_views-3__depth_kind-ssi__depth_lambda-0p1__sigma_rel-0p2,blender,chair,3,depth,fps,2,white,gt,gt,0.2,0.0,1.0,0.0,0.0,0.0,ssi,0.1,7000,0,0,0.2,0.0,1.0,0.0,0.0,0.0,True,depth,19668,"[0, 32, 6]","[0, 8, 16, 24, 32, 40, 48, 56, 64, 72, 80, 88, 96, 104, 112, 120, 128, 136, 144, 152, 160, 168, 176, 184, 192]",3,25,111.99478125572205,"[[500, 17.282710694781187], [1000, 19.06060767583967], [1500, 18.706377392392948], [2000, 18.39792410770762], [2500, 17.95709199306816], [3000, 17.66117800794227], [3500, 17.89188097255614], [4000, 17.953027000380985], [4500, 17.955376483494366], [5000, 17.934917147679617], [5500, 17.906748339723006], [6000, 17.89040066872701], [6500, 17.869560228216805], [7000, 17.849543228361163]]",4.306069181176648,232746,6.889710689883167e-06,15.548450432315692,0.7123204302787781,0.35851230442523957,0.5074272747201158,0.6530603645494284,0.13077985182508953,0.7465464767162753,0.24428606631302757,0.30195759827881663,0.06468612685891366,0.9904006621627792,0.5087634994543163,0.017540054231079346,0.2631517768426978,0.6305645274540093,17961,28484,171.68741369247437,2,0.15943779015070736,0.5920630238796387,0.7429290778110736,0.07572423319667747,0.9999897473753281,,,,,,,,
stage3_noise,chair__init-depth__n_views-3__depth_kind-ssi__depth_lambda-0p1__sigma_rel-0p4,blender,chair,3,depth,fps,2,white,gt,gt,0.4,0.0,1.0,0.0,0.0,0.0,ssi,0.1,7000,0,0,0.4,0.0,1.0,0.0,0.0,0.0,True,depth,19542,"[0, 32, 6]","[0, 8, 16, 24, 32, 40, 48, 56, 64, 72, 80, 88, 96, 104, 112, 120, 128, 136, 144, 152, 160, 168, 176, 184, 192]",3,25,140.78986501693726,"[[500, 15.42542860982992], [1000, 17.88058764423249], [1500, 16.86949024813084], [2000, 16.102244320893863], [2500, 15.596206828216669], [3000, 15.341217913282504], [3500, 16.08695799564694], [4000, 16.28181365165414], [4500, 16.29891195276882], [5000, 16.32907723392628], [5500, 16.332176980711193], [6000, 16.327264518158547], [6500, 16.32992969385384], [7000, 16.320391858148845]]",4.306069181176648,877005,6.889710689883167e-06,13.76262781839057,0.6118311595916748,0.4394189119338989,0.4930988204240544,0.7790802357108191,0.13167393345471112,0.8363541656784126,0.24230120794183588,0.3026072464191467,0.06421826152473195,0.9881244564375655,0.909571924796744,0.014671431799586963,0.4621216782981655,0.7092656073219744,42002,59219,205.52695965766907,2,0.3128467647778021,1.1635635086641407,1.4508211097812531,0.08697561915839058,0.9927330939181696,,,,,,,,
stage3_noise,chair__init-random__n_views-3__depth_kind-absolute__depth_lambda-0p1__sigma_rel-0p05,blender,chair,3,random,fps,2,white,gt,gt,0.05,0.0,1.0,0.0,0.0,0.0,absolute,0.1,7000,0,0,0.05,0.0,1.0,0.0,0.0,0.0,True,random,100000,"[0, 32, 6]","[0, 8, 16, 24, 32, 40, 48, 56, 64, 72, 80, 88, 96, 104, 112, 120, 128, 136, 144, 152, 160, 168, 176, 184, 192]",3,25,86.30568790435791,"[[500, 21.18704967571344], [1000, 21.50374280833123], [1500, 21.453610865640123], [2000, 21.40144760567294], [2500, 21.341894035547146], [3000, 21.27274000525299], [3500, 21.51555715491526], [4000, 21.418502518625363], [4500, 21.35723663544903], [5000, 21.299638411936463], [5500, 21.258729120088823], [6000, 21.225223707865027], [6500, 21.193048113921318], [7000, 21.16620881485396]]",4.306069181176648,29467,6.889710689883167e-06,19.33369719313683,0.7994827938079834,0.21873684883117675,0.16236819713046904,0.40248772653510045,0.0427134868735632,0.9774370938636171,0.1761899715362189,0.24549285806980176,0.0464280811356884,0.9917338407846491,0.07518954933257826,0.009548383298724789,0.04236896631565153,0.26501255068546054,2745,10358,100.944265127182,2,0.03986174424417919,0.1480234556960335,0.18575258337199071,0.03547297830621706,1.0,,,,,,,,
stage3_noise,chair__init-random__n_views-3__depth_kind-absolute__depth_lambda-0p1__sigma_rel-0p1,blender,chair,3,random,fps,2,white,gt,gt,0.1,0.0,1.0,0.0,0.0,0.0,absolute,0.1,7000,0,0,0.1,0.0,1.0,0.0,0.0,0.0,True,random,100000,"[0, 32, 6]","[0, 8, 16, 24, 32, 40, 48, 56, 64, 72, 80, 88, 96, 104, 112, 120, 128, 136, 144, 152, 160, 168, 176, 184, 192]",3,25,87.25485730171204,"[[500, 20.954435649166093], [1000, 21.100611720587928], [1500, 20.995964085154885], [2000, 20.913506201751407], [2500, 20.804502924374958], [3000, 20.660203776818513], [3500, 20.949318559458682], [4000, 20.818232423807856], [4500, 20.70716846162191], [5000, 20.60276671903847], [5500, 20.533933556865904], [6000, 20.47037186749737], [6500, 20.42531750435981], [7000, 20.36305193720232]]",4.306069181176648,36087,6.889710689883167e-06,18.448660883196386,0.77159747838974,0.26629722863435745,0.22002396628932563,0.48303595096198776,0.057929103909040824,0.9547948311449399,0.20576836785024416,0.27094478321946663,0.05428111778240164,0.9908408888997368,0.17974125944190703,0.011303599691175151,0.09552242956654108,0.3702137843012125,4641,12536,106.30385947227478,2,0.07972348841330362,0.29604691102073577,0.3715051665876972,0.05671067389284929,1.0,,,,,,,,
stage3_noise,chair__init-random__n_views-3__depth_kind-absolute__depth_lambda-0p1__sigma_rel-0p2,blender,chair,3,random,fps,2,white,gt,gt,0.2,0.0,1.0,0.0,0.0,0.0,absolute,0.1,7000,0,0,0.2,0.0,1.0,0.0,0.0,0.0,True,random,100000,"[0, 32, 6]","[0, 8, 16, 24, 32, 40, 48, 56, 64, 72, 80, 88, 96, 104, 112, 120, 128, 136, 144, 152, 160, 168, 176, 184, 192]",3,25,87.86905860900879,"[[500, 20.612192651415704], [1000, 20.799474393881734], [1500, 20.549279593090294], [2000, 20.3263542405911], [2500, 20.080769676621475], [3000, 19.878846725145866], [3500, 19.981092553602377], [4000, 19.70065178610939], [4500, 19.43914227321173], [5000, 19.262677755578853], [5500, 19.14406915894133], [6000, 19.07540425168307], [6500, 19.035391774699516], [7000, 19.00772299796047]]",4.306069181176648,45122,6.889710689883167e-06,17.60788241593093,0.746833143234253,0.3066097116470337,0.28198692352502513,0.5522434363756337,0.07449648732407614,0.9306225857532467,0.22737436485937043,0.2886205569900302,0.060253398308417305,0.9901332320296823,0.2542394999144133,0.012523243534638602,0.13338137172452597,0.45936308865117426,7472,16266,111.85100722312927,2,0.15943779015070736,0.5920630238796387,0.7429290778110736,0.07572423319667747,0.9999897473753281,,,,,,,,
stage3_noise,chair__init-random__n_views-3__depth_kind-absolute__depth_lambda-0p1__sigma_rel-0p4,blender,chair,3,random,fps,2,white,gt,gt,0.4,0.0,1.0,0.0,0.0,0.0,absolute,0.1,7000,0,0,0.4,0.0,1.0,0.0,0.0,0.0,True,random,100000,"[0, 32, 6]","[0, 8, 16, 24, 32, 40, 48, 56, 64, 72, 80, 88, 96, 104, 112, 120, 128, 136, 144, 152, 160, 168, 176, 184, 192]",3,25,88.51319932937622,"[[500, 20.41444052145404], [1000, 20.289357331301495], [1500, 19.904310004224712], [2000, 19.669244494013277], [2500, 19.283471684442198], [3000, 18.818690607989403], [3500, 18.917656347491437], [4000, 18.520912440377373], [4500, 18.371507487981997], [5000, 18.270167723569113], [5500, 18.235450332083424], [6000, 18.188854200401806], [6500, 18.18228216105572], [7000, 18.146559206826204]]",4.306069181176648,56584,6.889710689883167e-06,16.59293476690578,0.7103852748870849,0.3470905804634094,0.3750893898822391,0.621797009994358,0.09896518464493907,0.8716299864076236,0.23115955764026994,0.2895944784645142,0.06101260429937592,0.9918028707115145,0.5291664041325225,0.01471257341458411,0.2719394887735533,0.5262651992118037,10950,20807,127.10690140724182,2,0.3128467647778021,1.1635635086641407,1.4508211097812531,0.08697561915839058,0.9927330939181696,,,,,,,,
stage3_noise,chair__init-random__n_views-3__depth_kind-ssi__depth_lambda-0p1__sigma_rel-0p05,blender,chair,3,random,fps,2,white,gt,gt,0.05,0.0,1.0,0.0,0.0,0.0,ssi,0.1,7000,0,0,0.05,0.0,1.0,0.0,0.0,0.0,True,random,100000,"[0, 32, 6]","[0, 8, 16, 24, 32, 40, 48, 56, 64, 72, 80, 88, 96, 104, 112, 120, 128, 136, 144, 152, 160, 168, 176, 184, 192]",3,25,94.76801872253418,"[[500, 20.398842968867434], [1000, 20.647494267210444], [1500, 20.46801033717327], [2000, 20.261807165480747], [2500, 20.119701470373982], [3000, 20.00851821062685], [3500, 20.049566503486815], [4000, 19.962595041829086], [4500, 19.93046795321438], [5000, 19.92056562151232], [5500, 19.907847048110924], [6000, 19.888992864910158], [6500, 19.87060324443622], [7000, 19.87468366169349]]",4.306069181176648,34122,6.889710689883167e-06,16.419462240991383,0.7431078720092773,0.30911246955394744,0.4196882966740814,0.6209638212066776,0.10841965077282831,0.8280824149488472,0.23143961326895632,0.2926957864565023,0.061057245656807,0.9914628089440398,0.47491161384175967,0.01707879577141218,0.24599520480658593,0.6758269720101782,6640,9825,169.96830701828003,2,0.03986174424417919,0.1480234556960335,0.18575258337199071,0.03547297830621706,1.0,,,,,,,,
stage3_noise,chair__init-random__n_views-3__depth_kind-ssi__depth_lambda-0p1__sigma_rel-0p1,blender,chair,3,random,fps,2,white,gt,gt,0.1,0.0,1.0,0.0,0.0,0.0,ssi,0.1,7000,0,0,0.1,0.0,1.0,0.0,0.0,0.0,True,random,100000,"[0, 32, 6]","[0, 8, 16, 24, 32, 40, 48, 56, 64, 72, 80, 88, 96, 104, 112, 120, 128, 136, 144, 152, 160, 168, 176, 184, 192]",3,25,96.46070289611816,"[[500, 20.224811429044458], [1000, 20.539910852593387], [1500, 20.260883015202793], [2000, 19.966785999994684], [2500, 19.86248412649577], [3000, 19.720645335229076], [3500, 19.929907162952976], [4000, 19.769291942087882], [4500, 19.64655253306824], [5000, 19.599633062916645], [5500, 19.52334038259073], [6000, 19.375879121540297], [6500, 19.303918668778557], [7000, 19.201568763906927]]",4.306069181176648,43379,6.889710689883167e-06,16.555426369060168,0.7269612622261047,0.31817177176475525,0.4869786511723902,0.76690772652509,0.12930179863146832,0.8346102458254969,0.23997075511067886,0.2995817722255648,0.06353904354533782,0.9928465315352571,0.6222317645562239,0.0153883638690737,0.3188100642126488,0.6602931266846361,7839,11872,150.25628089904785,2,0.07972348841330362,0.29604691102073577,0.3715051665876972,0.05671067389284929,1.0,,,,,,,,
stage3_noise,chair__init-random__n_views-3__depth_kind-ssi__depth_lambda-0p1__sigma_rel-0p2,blender,chair,3,random,fps,2,white,gt,gt,0.2,0.0,1.0,0.0,0.0,0.0,ssi,0.1,7000,0,0,0.2,0.0,1.0,0.0,0.0,0.0,True,random,100000,"[0, 32, 6]","[0, 8, 16, 24, 32, 40, 48, 56, 64, 72, 80, 88, 96, 104, 112, 120, 128, 136, 144, 152, 160, 168, 176, 184, 192]",3,25,98.60948657989502,"[[500, 20.088093488884404], [1000, 20.417457775969527], [1500, 20.080337083923173], [2000, 19.887056524474815], [2500, 19.705393166424773], [3000, 19.550819255628955], [3500, 19.463607265333433], [4000, 19.300474411366213], [4500, 19.18647727417487], [5000, 19.09993431490875], [5500, 19.05105185801297], [6000, 18.991951457662374], [6500, 18.985262002917764], [7000, 18.95816163117806]]",4.306069181176648,83731,6.889710689883167e-06,16.109004878827587,0.7240518927574158,0.33027228236198425,0.5745745746802671,0.7737307378679703,0.14733811063110167,0.7222471629502136,0.24367380419662585,0.3028475148213353,0.06449563509566568,0.9908715992046413,0.664646208860495,0.01765749670165106,0.341151852781073,0.6024128976412032,11135,18484,208.87961387634277,2,0.15943779015070736,0.5920630238796387,0.7429290778110736,0.07572423319667747,0.9999897473753281,,,,,,,,
stage3_noise,chair__init-random__n_views-3__depth_kind-ssi__depth_lambda-0p1__sigma_rel-0p4,blender,chair,3,random,fps,2,white,gt,gt,0.4,0.0,1.0,0.0,0.0,0.0,ssi,0.1,7000,0,0,0.4,0.0,1.0,0.0,0.0,0.0,True,random,100000,"[0, 32, 6]","[0, 8, 16, 24, 32, 40, 48, 56, 64, 72, 80, 88, 96, 104, 112, 120, 128, 136, 144, 152, 160, 168, 176, 184, 192]",3,25,107.7015585899353,"[[500, 20.35711917122336], [1000, 20.070873305967947], [1500, 19.56181445627855], [2000, 19.11405462811524], [2500, 18.662522511846824], [3000, 18.441475414716244], [3500, 18.604943750824756], [4000, 18.465512298491337], [4500, 18.390947342706525], [5000, 18.33902945727082], [5500, 18.298568587214408], [6000, 18.26188926275003], [6500, 18.236957198650746], [7000, 18.226540717453698]]",4.306069181176648,176912,6.889710689883167e-06,16.696127798980825,0.7159804487228394,0.3273004674911499,0.33516963719802534,0.5798545639989782,0.08856761101038582,0.9056487974615809,0.24853511549468177,0.3056898527907842,0.06600860975592211,0.989696061997314,0.41148231792199097,0.013282705909712943,0.21238251191585195,0.5915723441974635,17352,29332,159.53124737739563,2,0.3128467647778021,1.1635635086641407,1.4508211097812531,0.08697561915839058,0.9927330939181696,,,,,,,,
stage3_noise,lego__init-depth__n_views-3__depth_kind-absolute__depth_lambda-0p1__sigma_rel-0p05,blender,lego,3,depth,fps,2,white,gt,gt,0.05,0.0,1.0,0.0,0.0,0.0,absolute,0.1,7000,0,0,0.05,0.0,1.0,0.0,0.0,0.0,True,depth,25546,"[0, 89, 32]","[0, 8, 16, 24, 32, 40, 48, 56, 64, 72, 80, 88, 96, 104, 112, 120, 128, 136, 144, 152, 160, 168, 176, 184, 192]",3,25,91.29545998573303,"[[500, 18.31021552146366], [1000, 18.405390290190144], [1500, 18.288107325269838], [2000, 18.17923506070325], [2500, 18.112049204880243], [3000, 18.031609132532928], [3500, 18.251895052204233], [4000, 18.138774210690407], [4500, 18.062594263021737], [5000, 17.998475983740203], [5500, 17.96714192311241], [6000, 17.9244477047534], [6500, 17.902715394878545], [7000, 17.87085848554088]]",4.5367010562599654,54064,7.258721690016551e-06,17.843043378418397,0.7387214875221253,0.23110657691955566,0.07230064055962035,0.1268031306810892,0.019579095667989547,0.9988891916110307,0.07304703792192596,0.12333509360876321,0.019777535221462403,0.9989372813831109,0.0248241125575651,0.00869001590942483,0.016757064233494965,0.07116385983018249,1517,21317,101.65242266654968,2,0.03884048574091483,0.1378027547500681,0.17280926098729418,0.03397780569394762,1.0,,,,,,,,
stage3_noise,lego__init-depth__n_views-3__depth_kind-absolute__depth_lambda-0p1__sigma_rel-0p1,blender,lego,3,depth,fps,2,white,gt,gt,0.1,0.0,1.0,0.0,0.0,0.0,absolute,0.1,7000,0,0,0.1,0.0,1.0,0.0,0.0,0.0,True,depth,25546,"[0, 89, 32]","[0, 8, 16, 24, 32, 40, 48, 56, 64, 72, 80, 88, 96, 104, 112, 120, 128, 136, 144, 152, 160, 168, 176, 184, 192]",3,25,90.88963198661804,"[[500, 17.46806624336106], [1000, 17.62137360623744], [1500, 17.42142849939648], [2000, 17.292470552133487], [2500, 17.16252079797698], [3000, 17.042663868005246], [3500, 17.232966141862377], [4000, 17.095099205151573], [4500, 16.997079846254223], [5000, 16.896757111607037], [5500, 16.817599429287476], [6000, 16.744022758475513], [6500, 16.68357439033373], [7000, 16.627772694656425]]",4.5367010562599654,52514,7.258721690016551e-06,16.307944238155493,0.6908171916007996,0.2913184839487076,0.10948744489230965,0.1733537647914584,0.029847091545885305,0.9972020060437515,0.10763892599362977,0.16300434170303826,0.02921341910387086,0.9976791698464172,0.04551323016838296,0.009962757239871051,0.027737993704127006,0.1615631792836216,3419,21162,102.13771557807922,2,0.0776809713189132,0.2756055088954934,0.3456185212415542,0.05310602490052013,1.0,,,,,,,,
stage3_noise,lego__init-depth__n_views-3__depth_kind-absolute__depth_lambda-0p1__sigma_rel-0p2,blender,lego,3,depth,fps,2,white,gt,gt,0.2,0.0,1.0,0.0,0.0,0.0,absolute,0.1,7000,0,0,0.2,0.0,1.0,0.0,0.0,0.0,True,depth,25546,"[0, 89, 32]","[0, 8, 16, 24, 32, 40, 48, 56, 64, 72, 80, 88, 96, 104, 112, 120, 128, 136, 144, 152, 160, 168, 176, 184, 192]",3,25,90.96525144577026,"[[500, 16.523362241794942], [1000, 16.55669238201053], [1500, 16.085594245464783], [2000, 15.515362477143873], [2500, 15.018927809677121], [3000, 14.317961551039362], [3500, 14.830553845927565], [4000, 14.519580390164165], [4500, 14.345863160445138], [5000, 14.165234551180033], [5500, 14.055283515248629], [6000, 13.948409955073307], [6500, 13.86248310876248], [7000, 13.654924513656812]]",4.5367010562599654,68820,7.258721690016551e-06,13.766127141540744,0.6108803915977478,0.3709397864341736,0.24043671180518544,0.3576262569280395,0.06640410631059107,0.9498960088868641,0.19094829781267236,0.25635549085645826,0.05217046730425527,0.9901744008324677,0.44792061189281873,0.013942892016300697,0.23093175195455973,0.34357070536618295,8144,23704,108.89641523361206,2,0.15536194267021528,0.5512110179669237,0.6912370431839728,0.06816783614674084,1.0,,,,,,,,
stage3_noise,lego__init-depth__n_views-3__depth_kind-absolute__depth_lambda-0p1__sigma_rel-0p4,blender,lego,3,depth,fps,2,white,gt,gt,0.4,0.0,1.0,0.0,0.0,0.0,absolute,0.1,7000,0,0,0.4,0.0,1.0,0.0,0.0,0.0,True,depth,25415,"[0, 89, 32]","[0, 8, 16, 24, 32, 40, 48, 56, 64, 72, 80, 88, 96, 104, 112, 120, 128, 136, 144, 152, 160, 168, 176, 184, 192]",3,25,101.66795825958252,"[[500, 12.402829587603946], [1000, 12.747240848929945], [1500, 11.065445697472873], [2000, 9.905607624836215], [2500, 9.30655879240523], [3000, 8.906222715417552], [3500, 8.968054670488812], [4000, 8.850808364285822], [4500, 8.807799823477351], [5000, 8.611992640630456], [5500, 8.480824162490805], [6000, 8.434671112500737], [6500, 8.393232697163285], [7000, 8.42811753344955]]",4.5367010562599654,280495,7.258721690016551e-06,10.165588756200124,0.4926957142353058,0.49479074001312257,0.8309453531120949,1.1321842831739302,0.22970539959802058,0.6529832861173097,0.2716568108459219,0.3422624446020957,0.07387736534559675,0.9831565463877591,1.0702490526026436,0.018670353294223663,0.5444597029484336,0.6592375485945737,32389,49131,128.36645817756653,2,0.3059035608468618,1.086326127867329,1.3541723029182624,0.07569394822721727,0.9942400377454871,,,,,,,,
stage3_noise,lego__init-depth__n_views-3__depth_kind-ssi__depth_lambda-0p0__sigma_rel-0p05,blender,lego,3,depth,fps,2,white,gt,gt,0.05,0.0,1.0,0.0,0.0,0.0,ssi,0.0,7000,0,0,0.05,0.0,1.0,0.0,0.0,0.0,True,depth,25546,"[0, 89, 32]","[0, 8, 16, 24, 32, 40, 48, 56, 64, 72, 80, 88, 96, 104, 112, 120, 128, 136, 144, 152, 160, 168, 176, 184, 192]",3,25,85.61004281044006,"[[500, 17.68303398447381], [1000, 17.69688497107995], [1500, 17.536584834848576], [2000, 17.473414644501904], [2500, 17.453642288605465], [3000, 17.448462511173698], [3500, 17.675963163756606], [4000, 17.651776578154518], [4500, 17.63834920355479], [5000, 17.625667692253185], [5500, 17.620752712954356], [6000, 17.612129933912442], [6500, 17.598187956079265], [7000, 17.592971587732055]]",4.5367010562599654,54021,7.258721690016551e-06,17.417202267553428,0.7346259570121765,0.22690354645252228,0.07939191814265616,0.13834139799926842,0.021496399208413317,0.997908298512467,0.08286981246337588,0.13328646575195888,0.02255655123423717,0.9981954998558532,0.02730177702190777,0.010545209461447286,0.018923493241677528,0.09977344409399849,2246,22511,95.97628855705261,2,0.03884048574091483,0.1378027547500681,0.17280926098729418,0.03397780569394762,1.0,,,,,,,,
stage3_noise,lego__init-depth__n_views-3__depth_kind-ssi__depth_lambda-0p0__sigma_rel-0p1,blender,lego,3,depth,fps,2,white,gt,gt,0.1,0.0,1.0,0.0,0.0,0.0,ssi,0.0,7000,0,0,0.1,0.0,1.0,0.0,0.0,0.0,True,depth,25546,"[0, 89, 32]","[0, 8, 16, 24, 32, 40, 48, 56, 64, 72, 80, 88, 96, 104, 112, 120, 128, 136, 144, 152, 160, 168, 176, 184, 192]",3,25,85.69124507904053,"[[500, 16.418622271126697], [1000, 16.61664336970116], [1500, 16.458869890594826], [2000, 16.38447699371019], [2500, 16.351401519594603], [3000, 16.337145001492843], [3500, 16.514403754074806], [4000, 16.49721199494804], [4500, 16.491882033884597], [5000, 16.4835125940754], [5500, 16.47689045048144], [6000, 16.469820833621064], [6500, 16.468460315809423], [7000, 16.454509852650723]]",4.5367010562599654,51758,7.258721690016551e-06,15.929909671449083,0.6993656158447266,0.2803589141368866,0.10317550690697733,0.1721012472561628,0.0278727410756637,0.9961691601470887,0.10697032893433057,0.1608409794991546,0.029168730709220114,0.9974164211275124,0.044320039056852806,0.011603255807675534,0.027961647432264168,0.19206470757155164,4013,20894,96.66037631034851,2,0.0776809713189132,0.2756055088954934,0.3456185212415542,0.05310602490052013,1.0,,,,,,,,
stage3_noise,lego__init-depth__n_views-3__depth_kind-ssi__depth_lambda-0p0__sigma_rel-0p2,blender,lego,3,depth,fps,2,white,gt,gt,0.2,0.0,1.0,0.0,0.0,0.0,ssi,0.0,7000,0,0,0.2,0.0,1.0,0.0,0.0,0.0,True,depth,25546,"[0, 89, 32]","[0, 8, 16, 24, 32, 40, 48, 56, 64, 72, 80, 88, 96, 104, 112, 120, 128, 136, 144, 152, 160, 168, 176, 184, 192]",3,25,85.87168860435486,"[[500, 14.255453123157904], [1000, 14.823755266997258], [1500, 14.54324620288492], [2000, 14.461319673257051], [2500, 14.429141686140143], [3000, 14.414201593542835], [3500, 14.59782649043964], [4000, 14.568157763795703], [4500, 14.555924145250842], [5000, 14.543563503110267], [5500, 14.533381222005467], [6000, 14.5205088123952], [6500, 14.510515545036817], [7000, 14.511308695626447]]",4.5367010562599654,50360,7.258721690016551e-06,14.116055372610383,0.6374740862846374,0.3536073857545853,0.14801818622243082,0.2552935581673516,0.039946499378497265,0.9757444363873247,0.15475498280207592,0.22033888451218334,0.04239786955976462,0.9916046490548678,0.12171417133509428,0.012134346618750997,0.06692425897692264,0.32136174636174636,6183,19240,101.1728310585022,2,0.15536194267021528,0.5512110179669237,0.6912370431839728,0.06816783614674084,1.0,,,,,,,,
stage3_noise,lego__init-depth__n_views-3__depth_kind-ssi__depth_lambda-0p0__sigma_rel-0p4,blender,lego,3,depth,fps,2,white,gt,gt,0.4,0.0,1.0,0.0,0.0,0.0,ssi,0.0,7000,0,0,0.4,0.0,1.0,0.0,0.0,0.0,True,depth,25415,"[0, 89, 32]","[0, 8, 16, 24, 32, 40, 48, 56, 64, 72, 80, 88, 96, 104, 112, 120, 128, 136, 144, 152, 160, 168, 176, 184, 192]",3,25,87.30370044708252,"[[500, 11.978381342577475], [1000, 13.170944377427684], [1500, 12.841080454427082], [2000, 12.65177262495843], [2500, 12.597644461087922], [3000, 12.569613608999106], [3500, 12.95119148202124], [4000, 12.880001115444085], [4500, 12.880631904738872], [5000, 12.848011613631844], [5500, 12.813042907832129], [6000, 12.775240765745771], [6500, 12.749764395601376], [7000, 12.715923874292558]]",4.5367010562599654,58474,7.258721690016551e-06,12.069194793322987,0.5562428200244903,0.4504013907909393,0.21876324929541885,0.3702435986120375,0.05940714783105275,0.9404644787754591,0.1912637332324579,0.2584570467371973,0.05236755060763521,0.990119097873621,0.27383481361908635,0.013493759008875499,0.14366428631398093,0.5245474293989862,10866,20715,106.53652334213257,2,0.3059035608468618,1.086326127867329,1.3541723029182624,0.07569394822721727,0.9942400377454871,,,,,,,,
stage3_noise,lego__init-depth__n_views-3__depth_kind-ssi__depth_lambda-0p1__sigma_rel-0p05,blender,lego,3,depth,fps,2,white,gt,gt,0.05,0.0,1.0,0.0,0.0,0.0,ssi,0.1,7000,0,0,0.05,0.0,1.0,0.0,0.0,0.0,True,depth,25546,"[0, 89, 32]","[0, 8, 16, 24, 32, 40, 48, 56, 64, 72, 80, 88, 96, 104, 112, 120, 128, 136, 144, 152, 160, 168, 176, 184, 192]",3,25,101.52357172966003,"[[500, 18.37444284975728], [1000, 18.418104817327162], [1500, 18.191880434451697], [2000, 18.072810279294895], [2500, 17.994240271359505], [3000, 17.904070220259765], [3500, 18.162219898147267], [4000, 18.047978778460056], [4500, 17.95048603154452], [5000, 17.858060790779895], [5500, 17.797363373629228], [6000, 17.749363820667128], [6500, 17.711196914106853], [7000, 17.66756349296081]]",4.5367010562599654,52999,7.258721690016551e-06,17.643718169147284,0.735732979774475,0.23349101543426515,0.07433025587762432,0.1259708862037796,0.020162514319006827,0.9986585970563104,0.07335176559168745,0.12229741900769495,0.019836582120702096,0.9987234045638389,0.025803852680829308,0.008780866538734302,0.017292359609781805,0.08289197561706806,1659,20014,112.47900795936584,2,0.03884048574091483,0.1378027547500681,0.17280926098729418,0.03397780569394762,1.0,,,,,,,,
stage3_noise,lego__init-depth__n_views-3__depth_kind-ssi__depth_lambda-0p1__sigma_rel-0p1,blender,lego,3,depth,fps,2,white,gt,gt,0.1,0.0,1.0,0.0,0.0,0.0,ssi,0.1,7000,0,0,0.1,0.0,1.0,0.0,0.0,0.0,True,depth,25546,"[0, 89, 32]","[0, 8, 16, 24, 32, 40, 48, 56, 64, 72, 80, 88, 96, 104, 112, 120, 128, 136, 144, 152, 160, 168, 176, 184, 192]",3,25,99.35558462142944,"[[500, 17.21261729474218], [1000, 17.44175650609383], [1500, 17.22763106376805], [2000, 17.037047792452313], [2500, 16.88531867044211], [3000, 16.74323640649318], [3500, 16.836136717614615], [4000, 16.652885732286126], [4500, 16.508976106407466], [5000, 16.3670595884376], [5500, 16.27263928930465], [6000, 16.167363478497695], [6500, 16.114698314591767], [7000, 16.054990129420958]]",4.5367010562599654,52403,7.258721690016551e-06,15.656201108095622,0.6775771737098694,0.30563417315483093,0.12013992615682487,0.18446315643047873,0.032879008169379303,0.9969779995000688,0.11774291109115467,0.17410636235322993,0.032034750726907785,0.9973153142016724,0.07630956557162054,0.01048712279701039,0.043398344184315464,0.17006012226544737,3366,19793,111.33314514160156,2,0.0776809713189132,0.2756055088954934,0.3456185212415542,0.05310602490052013,1.0,,,,,,,,
stage3_noise,lego__init-depth__n_views-3__depth_kind-ssi__depth_lambda-0p1__sigma_rel-0p2,blender,lego,3,depth,fps,2,white,gt,gt,0.2,0.0,1.0,0.0,0.0,0.0,ssi,0.1,7000,0,0,0.2,0.0,1.0,0.0,0.0,0.0,True,depth,25546,"[0, 89, 32]","[0, 8, 16, 24, 32, 40, 48, 56, 64, 72, 80, 88, 96, 104, 112, 120, 128, 136, 144, 152, 160, 168, 176, 184, 192]",3,25,105.50144910812378,"[[500, 14.586721082444468], [1000, 15.596211848438712], [1500, 15.226732112919455], [2000, 14.785987950136878], [2500, 14.408963455275757], [3000, 14.007385747042866], [3500, 13.876454885512528], [4000, 13.828321676991752], [4500, 13.815898349818934], [5000, 13.760953689611531], [5500, 13.744460979921994], [6000, 13.727052378066599], [6500, 13.708875586917195], [7000, 13.702551761127303]]",4.5367010562599654,158155,7.258721690016551e-06,13.281031607320132,0.5826646888256073,0.40873624801635744,0.2215731528697927,0.33878530195713585,0.060889035699328915,0.9449960155170133,0.1922812682819469,0.25967188192435364,0.052605541304222826,0.9919616490485591,0.3053968095798191,0.012637632480233597,0.15901722103002633,0.3326716041841643,8714,26194,123.05815434455872,2,0.15536194267021528,0.5512110179669237,0.6912370431839728,0.06816783614674084,1.0,,,,,,,,
stage3_noise,lego__init-depth__n_views-3__depth_kind-ssi__depth_lambda-0p1__sigma_rel-0p4,blender,lego,3,depth,fps,2,white,gt,gt,0.4,0.0,1.0,0.0,0.0,0.0,ssi,0.1,7000,0,0,0.4,0.0,1.0,0.0,0.0,0.0,True,depth,25415,"[0, 89, 32]","[0, 8, 16, 24, 32, 40, 48, 56, 64, 72, 80, 88, 96, 104, 112, 120, 128, 136, 144, 152, 160, 168, 176, 184, 192]",3,25,146.2064347267151,"[[500, 12.129946050337868], [1000, 13.382401005262752], [1500, 11.786378727443289], [2000, 10.263224359246212], [2500, 9.739440619471441], [3000, 9.58274232142344], [3500, 10.040869809761237], [4000, 10.128525736994344], [4500, 10.159439862677646], [5000, 10.177337775402545], [5500, 10.188066635321912], [6000, 10.179283060562028], [6500, 10.160028621355547], [7000, 10.151820091002921]]",4.5367010562599654,790586,7.258721690016551e-06,10.254768033380513,0.4794409227371216,0.4963834023475647,0.2892543837478862,0.5096158975895473,0.07853109993194496,0.900299747652072,0.22400320928151973,0.2952343597164373,0.06120941899325028,0.984767803171946,0.5216468960494146,0.01414465584174183,0.26789577594557823,0.5935909115267135,33231,55983,168.8275969028473,2,0.3059035608468618,1.086326127867329,1.3541723029182624,0.07569394822721727,0.9942400377454871,,,,,,,,
stage3_noise,lego__init-random__n_views-3__depth_kind-absolute__depth_lambda-0p1__sigma_rel-0p05,blender,lego,3,random,fps,2,white,gt,gt,0.05,0.0,1.0,0.0,0.0,0.0,absolute,0.1,7000,0,0,0.05,0.0,1.0,0.0,0.0,0.0,True,random,100000,"[0, 89, 32]","[0, 8, 16, 24, 32, 40, 48, 56, 64, 72, 80, 88, 96, 104, 112, 120, 128, 136, 144, 152, 160, 168, 176, 184, 192]",3,25,89.40523958206177,"[[500, 17.245939002364082], [1000, 17.63478861262155], [1500, 17.458679632084724], [2000, 17.36685587291794], [2500, 17.28420789197585], [3000, 17.195195772346576], [3500, 17.57822587675295], [4000, 17.454311567829762], [4500, 17.385881404191696], [5000, 17.33933950218237], [5500, 17.302810146674727], [6000, 17.273559279344234], [6500, 17.232722565301653], [7000, 17.202315129962706]]",4.5367010562599654,45437,7.258721690016551e-06,17.019008644539905,0.7136711311340332,0.2616756355762482,0.07763058670542387,0.13538909153776424,0.0208882094858375,0.9984189020149988,0.07918498705548496,0.13218543353211956,0.02134102049096591,0.9986440500935946,0.03479453760832364,0.009569723569974969,0.022182130589149307,0.13729366412968272,2778,20234,100.0159547328949,2,0.03884048574091483,0.1378027547500681,0.17280926098729418,0.03397780569394762,1.0,,,,,,,,
stage3_noise,lego__init-random__n_views-3__depth_kind-absolute__depth_lambda-0p1__sigma_rel-0p1,blender,lego,3,random,fps,2,white,gt,gt,0.1,0.0,1.0,0.0,0.0,0.0,absolute,0.1,7000,0,0,0.1,0.0,1.0,0.0,0.0,0.0,True,random,100000,"[0, 89, 32]","[0, 8, 16, 24, 32, 40, 48, 56, 64, 72, 80, 88, 96, 104, 112, 120, 128, 136, 144, 152, 160, 168, 176, 184, 192]",3,25,89.91269540786743,"[[500, 16.907126749308265], [1000, 17.35158473534393], [1500, 17.03024361127563], [2000, 16.828971668682726], [2500, 16.735117276509996], [3000, 16.621192914612983], [3500, 17.015312537684455], [4000, 16.88163857355123], [4500, 16.763015037764642], [5000, 16.667488057210612], [5500, 16.603558289151483], [6000, 16.543267021880652], [6500, 16.50198471899047], [7000, 16.467838215753886]]",4.5367010562599654,47065,7.258721690016551e-06,16.294707412552246,0.6949744105339051,0.27940436244010924,0.0920339207659201,0.15398679539153748,0.02479512166178404,0.9978185540755575,0.09292708824958996,0.14811781281714836,0.02505057828254254,0.9982782982651677,0.045490977607787426,0.010100612495523093,0.02779579505165526,0.18599150415138058,3853,20716,100.95209646224976,2,0.0776809713189132,0.2756055088954934,0.3456185212415542,0.05310602490052013,1.0,,,,,,,,
stage3_noise,lego__init-random__n_views-3__depth_kind-absolute__depth_lambda-0p1__sigma_rel-0p2,blender,lego,3,random,fps,2,white,gt,gt,0.2,0.0,1.0,0.0,0.0,0.0,absolute,0.1,7000,0,0,0.2,0.0,1.0,0.0,0.0,0.0,True,random,100000,"[0, 89, 32]","[0, 8, 16, 24, 32, 40, 48, 56, 64, 72, 80, 88, 96, 104, 112, 120, 128, 136, 144, 152, 160, 168, 176, 184, 192]",3,25,89.86740469932556,"[[500, 16.43480762420613], [1000, 16.66920621012057], [1500, 16.256989784465315], [2000, 16.04535474666947], [2500, 15.868797387835876], [3000, 15.69625690835114], [3500, 16.077355044275897], [4000, 15.858483953817172], [4500, 15.717413915895289], [5000, 15.589398269402896], [5500, 15.506870130243806], [6000, 15.43260866179379], [6500, 15.374468630983008], [7000, 15.328366545219415]]",4.5367010562599654,50590,7.258721690016551e-06,15.296934329188895,0.664698736667633,0.31509488582611084,0.12198511129812588,0.22179706063583862,0.03300397374688046,0.9944368709922603,0.12653527542652449,0.19759916065041933,0.03421695736651359,0.9964091127796277,0.07442246542364583,0.010813808285163111,0.04261813685440447,0.25084448343935073,5718,22795,101.32686591148376,2,0.15536194267021528,0.5512110179669237,0.6912370431839728,0.06816783614674084,1.0,,,,,,,,
stage3_noise,lego__init-random__n_views-3__depth_kind-absolute__depth_lambda-0p1__sigma_rel-0p4,blender,lego,3,random,fps,2,white,gt,gt,0.4,0.0,1.0,0.0,0.0,0.0,absolute,0.1,7000,0,0,0.4,0.0,1.0,0.0,0.0,0.0,True,random,100000,"[0, 89, 32]","[0, 8, 16, 24, 32, 40, 48, 56, 64, 72, 80, 88, 96, 104, 112, 120, 128, 136, 144, 152, 160, 168, 176, 184, 192]",3,25,89.69266819953918,"[[500, 16.096131673394645], [1000, 15.927622944695251], [1500, 15.559219420548622], [2000, 15.287188295818728], [2500, 14.806870369123022], [3000, 14.46198588280013], [3500, 14.626350761523781], [4000, 14.277767006732102], [4500, 14.001944265852686], [5000, 13.814293436049208], [5500, 13.689969458904253], [6000, 13.54392468293897], [6500, 13.470538348532932], [7000, 13.426890817473163]]",4.5367010562599654,57512,7.258721690016551e-06,13.591352211513236,0.6284153008460999,0.3501050567626953,0.15322653203829367,0.28372197292873763,0.04143985188867379,0.9880216976086957,0.15693441505089395,0.23284965830717563,0.04242804064266369,0.9941361747515913,0.13366643628820216,0.011367211707022469,0.0725168239976123,0.3145041085419453,8229,26165,101.6255612373352,2,0.3059035608468618,1.086326127867329,1.3541723029182624,0.07569394822721727,0.9942400377454871,,,,,,,,
stage3_noise,lego__init-random__n_views-3__depth_kind-ssi__depth_lambda-0p1__sigma_rel-0p05,blender,lego,3,random,fps,2,white,gt,gt,0.05,0.0,1.0,0.0,0.0,0.0,ssi,0.1,7000,0,0,0.05,0.0,1.0,0.0,0.0,0.0,True,random,100000,"[0, 89, 32]","[0, 8, 16, 24, 32, 40, 48, 56, 64, 72, 80, 88, 96, 104, 112, 120, 128, 136, 144, 152, 160, 168, 176, 184, 192]",3,25,97.56753373146057,"[[500, 13.938881103425132], [1000, 15.733680413304754], [1500, 15.519699833732659], [2000, 15.403550614790074], [2500, 15.300342427665633], [3000, 15.195539037251928], [3500, 15.481615218714708], [4000, 15.335055344057404], [4500, 15.235354881835725], [5000, 15.15396511288737], [5500, 15.078209449133084], [6000, 15.011376301569223], [6500, 14.961256262480166], [7000, 14.91990266384355]]",4.5367010562599654,44869,7.258721690016551e-06,15.566219032809762,0.6763762664794922,0.30446342289447786,0.09889354623423921,0.16326119689171337,0.026699335843069966,0.9970450311856578,0.09986314596656222,0.15681183115973163,0.026934888534963015,0.9978140591131189,0.07060558687310318,0.010061128006041937,0.04033335743957256,0.22386043894203714,3978,17770,109.0352623462677,2,0.03884048574091483,0.1378027547500681,0.17280926098729418,0.03397780569394762,1.0,,,,,,,,
stage3_noise,lego__init-random__n_views-3__depth_kind-ssi__depth_lambda-0p1__sigma_rel-0p1,blender,lego,3,random,fps,2,white,gt,gt,0.1,0.0,1.0,0.0,0.0,0.0,ssi,0.1,7000,0,0,0.1,0.0,1.0,0.0,0.0,0.0,True,random,100000,"[0, 89, 32]","[0, 8, 16, 24, 32, 40, 48, 56, 64, 72, 80, 88, 96, 104, 112, 120, 128, 136, 144, 152, 160, 168, 176, 184, 192]",3,25,97.42826581001282,"[[500, 14.53743260284454], [1000, 15.772812928252863], [1500, 15.484139498784167], [2000, 15.279722624185425], [2500, 15.082401283044765], [3000, 14.854739448569305], [3500, 15.063801926805883], [4000, 14.807445714747768], [4500, 14.624939032051618], [5000, 14.446858871745462], [5500, 14.299288180397326], [6000, 14.190131461726306], [6500, 14.097739289292786], [7000, 14.00910843259372]]",4.5367010562599654,51274,7.258721690016551e-06,14.560095407931637,0.6536037278175354,0.32339907944202423,0.12477544086971039,0.21760432930153314,0.03396390289205613,0.9947292806744685,0.13083150863443568,0.20101458091606883,0.03542990495748873,0.9956413723443006,0.08851077370536524,0.010809015788087873,0.04965989474672656,0.2832122131018978,5417,19127,108.90367317199707,2,0.0776809713189132,0.2756055088954934,0.3456185212415542,0.05310602490052013,1.0,,,,,,,,
stage3_noise,lego__init-random__n_views-3__depth_kind-ssi__depth_lambda-0p1__sigma_rel-0p2,blender,lego,3,random,fps,2,white,gt,gt,0.2,0.0,1.0,0.0,0.0,0.0,ssi,0.1,7000,0,0,0.2,0.0,1.0,0.0,0.0,0.0,True,random,100000,"[0, 89, 32]","[0, 8, 16, 24, 32, 40, 48, 56, 64, 72, 80, 88, 96, 104, 112, 120, 128, 136, 144, 152, 160, 168, 176, 184, 192]",3,25,101.75580835342407,"[[500, 15.568180969108125], [1000, 15.827266772672935], [1500, 15.350333480008217], [2000, 14.956632842929219], [2500, 14.558930878400691], [3000, 14.00643111871851], [3500, 13.541078299875842], [4000, 13.209018657598772], [4500, 13.050489135281342], [5000, 12.978792902417297], [5500, 12.950725012982556], [6000, 12.956489799848956], [6500, 12.959968659877296], [7000, 12.959821419020848]]",4.5367010562599654,93518,7.258721690016551e-06,13.345712626319768,0.6179877710342407,0.3685280954837799,0.17931663499869954,0.2966518576319823,0.04859185924838053,0.9813919838424761,0.18252063970322957,0.257355326054623,0.04970056496289703,0.990045650381864,0.17931800059470004,0.011876032417247034,0.09559701650597353,0.3581915917843389,8929,24928,116.26928687095642,2,0.15536194267021528,0.5512110179669237,0.6912370431839728,0.06816783614674084,1.0,,,,,,,,
stage3_noise,lego__init-random__n_views-3__depth_kind-ssi__depth_lambda-0p1__sigma_rel-0p4,blender,lego,3,random,fps,2,white,gt,gt,0.4,0.0,1.0,0.0,0.0,0.0,ssi,0.1,7000,0,0,0.4,0.0,1.0,0.0,0.0,0.0,True,random,100000,"[0, 89, 32]","[0, 8, 16, 24, 32, 40, 48, 56, 64, 72, 80, 88, 96, 104, 112, 120, 128, 136, 144, 152, 160, 168, 176, 184, 192]",3,25,129.09240317344666,"[[500, 15.171580564362497], [1000, 15.22528793722977], [1500, 14.401165964699507], [2000, 13.533945920911567], [2500, 12.652064153126187], [3000, 12.185761914157933], [3500, 12.081912366328273], [4000, 11.976539552730433], [4500, 11.828951513019708], [5000, 11.74568213286168], [5500, 11.717364727186538], [6000, 11.684494168685656], [6500, 11.65255972999078], [7000, 11.63955974321691]]",4.5367010562599654,405793,7.258721690016551e-06,12.466237004313427,0.5935781228542328,0.39862463116645813,0.2584682422656809,0.3936521104980948,0.069486317833186,0.9325877191137849,0.2152696280328712,0.2854934169109611,0.05847629725357804,0.9866196789804842,0.27689012820503933,0.013277820890478848,0.1450839745477591,0.462309149416893,20257,43817,146.0124270915985,2,0.3059035608468618,1.086326127867329,1.3541723029182624,0.07569394822721727,0.9942400377454871,,,,,,,,
stage3_perimage,chair__init-depth__n_views-3__depth_kind-absolute__depth_lambda-0p1__scale_jitter-0p05,blender,chair,3,depth,fps,2,white,gt,gt,0.0,0.0,1.0,0.0,0.05,0.0,absolute,0.1,7000,0,0,0.0,0.0,1.0,0.0,0.05,0.0,True,depth,19669,"[0, 32, 6]","[0, 8, 16, 24, 32, 40, 48, 56, 64, 72, 80, 88, 96, 104, 112, 120, 128, 136, 144, 152, 160, 168, 176, 184, 192]",3,25,89.97955656051636,"[[500, 19.610158541026607], [1000, 19.477307353595616], [1500, 19.640128379260013], [2000, 19.59129885824582], [2500, 19.57188177971594], [3000, 19.57895803569035], [3500, 19.779759473815794], [4000, 19.749066585631304], [4500, 19.776845070822922], [5000, 19.816713332994826], [5500, 19.801920546266185], [6000, 19.79417196020694], [6500, 19.767529779193957], [7000, 19.749308721509962]]",4.306069181176648,35770,6.889710689883167e-06,16.97785612365932,0.77228280544281,0.2541878545284271,0.4116746236108003,0.6434032627727878,0.11003499752868258,0.8607098869228779,0.21682977405602036,0.27721065169601217,0.05726040000773181,0.9914373543485524,0.38641956023377677,0.020254665972262182,0.20333711310301947,0.8081925367691747,6649,8227,121.73385858535767,2,0.06224588875405138,0.2366980376202441,0.23799056315322176,2.0209903212561647e-08,1.0,,,,,,,,
stage3_perimage,chair__init-depth__n_views-3__depth_kind-absolute__depth_lambda-0p1__scale_jitter-0p1,blender,chair,3,depth,fps,2,white,gt,gt,0.0,0.0,1.0,0.0,0.1,0.0,absolute,0.1,7000,0,0,0.0,0.0,1.0,0.0,0.1,0.0,True,depth,19669,"[0, 32, 6]","[0, 8, 16, 24, 32, 40, 48, 56, 64, 72, 80, 88, 96, 104, 112, 120, 128, 136, 144, 152, 160, 168, 176, 184, 192]",3,25,86.7680459022522,"[[500, 17.571929981655813], [1000, 17.66953521646263], [1500, 17.579763960740927], [2000, 17.536642700530095], [2500, 17.50146714589927], [3000, 17.486495983824113], [3500, 17.605547607284716], [4000, 17.58774009253321], [4500, 17.571371320748497], [5000, 17.58274799909378], [5500, 17.581503141770867], [6000, 17.590932328827662], [6500, 17.5863316660831], [7000, 17.57851708543319]]",4.306069181176648,28036,6.889710689883167e-06,15.1876202401844,0.7301305937767029,0.3112662106752396,0.6447324756693668,0.9262701885366724,0.16917199370869632,0.7590311806851191,0.2442276500503398,0.30521606846628707,0.06481352706145058,0.9873395439324726,0.45917160140379165,0.034738257170347626,0.24695492928706964,0.9464229435865111,9009,9519,121.94224429130554,2,0.12550664579083703,0.47772845585383544,0.48036608993250757,2.1713198626139282e-08,1.0,,,,,,,,
stage3_perimage,chair__init-depth__n_views-3__depth_kind-absolute__depth_lambda-0p1__scale_jitter-0p2,blender,chair,3,depth,fps,2,white,gt,gt,0.0,0.0,1.0,0.0,0.2,0.0,absolute,0.1,7000,0,0,0.0,0.0,1.0,0.0,0.2,0.0,True,depth,19669,"[0, 32, 6]","[0, 8, 16, 24, 32, 40, 48, 56, 64, 72, 80, 88, 96, 104, 112, 120, 128, 136, 144, 152, 160, 168, 176, 184, 192]",3,25,87.99642157554626,"[[500, 17.264655378432394], [1000, 17.523139585032677], [1500, 17.37281649508222], [2000, 17.274823140631604], [2500, 17.25863290479874], [3000, 17.24521364601343], [3500, 17.235523488918894], [4000, 17.214182670893607], [4500, 17.19962223734016], [5000, 17.196249600556264], [5500, 17.196091722273458], [6000, 17.186428803865493], [6500, 17.193309806113618], [7000, 17.18289054312964]]",4.306069181176648,59584,6.889710689883167e-06,14.229518338081473,0.7054512655735016,0.365983230471611,1.0650995461185808,1.3150550898928108,0.283046437468214,0.4586768894422753,0.25457499669682926,0.3142711750134957,0.06771342445761543,0.986085771007443,0.6946050011647037,0.05302266455957863,0.37381383286214115,0.9806263742794319,16501,16827,136.63167309761047,2,0.25623360404425405,0.9772775626628761,0.9827865903829108,2.1917982015359883e-08,1.0,,,,,,,,
stage3_perimage,chair__init-depth__n_views-3__depth_kind-absolute__depth_lambda-0p1__scale_jitter-0p4,blender,chair,3,depth,fps,2,white,gt,gt,0.0,0.0,1.0,0.0,0.4,0.0,absolute,0.1,7000,0,0,0.0,0.0,1.0,0.0,0.4,0.0,True,depth,19669,"[0, 32, 6]","[0, 8, 16, 24, 32, 40, 48, 56, 64, 72, 80, 88, 96, 104, 112, 120, 128, 136, 144, 152, 160, 168, 176, 184, 192]",3,25,88.99788427352905,"[[500, 15.95565045465425], [1000, 16.13519655151265], [1500, 16.030080950906886], [2000, 15.993816298334966], [2500, 15.996720393739354], [3000, 15.985639387611235], [3500, 16.07239831927921], [4000, 16.067436227139382], [4500, 16.071617858764213], [5000, 16.06134660284072], [5500, 16.05685189346931], [6000, 16.04579933487363], [6500, 16.04864677616409], [7000, 16.041396002126433]]",4.306069181176648,114661,6.889710689883167e-06,13.147794562605686,0.6985668969154358,0.3669686669111252,2.1830189948676777,2.6267487251821873,0.5787845862602673,0.303812067604324,0.2507175764477014,0.30870780406581366,0.06665035901827313,0.986023056586696,1.1220083112002275,0.2639961312816708,0.6930022212409491,0.9997500312460942,31996,32004,135.13561606407166,2,0.5430599205748837,2.079574141486942,2.0917316526103913,2.392308950105796e-08,1.0,,,,,,,,
stage3_perimage,chair__init-depth__n_views-3__depth_kind-ssi__depth_lambda-0p0__scale_jitter-0p05,blender,chair,3,depth,fps,2,white,gt,gt,0.0,0.0,1.0,0.0,0.05,0.0,ssi,0.0,7000,0,0,0.0,0.0,1.0,0.0,0.05,0.0,True,depth,19669,"[0, 32, 6]","[0, 8, 16, 24, 32, 40, 48, 56, 64, 72, 80, 88, 96, 104, 112, 120, 128, 136, 144, 152, 160, 168, 176, 184, 192]",3,25,82.6071891784668,"[[500, 18.835738105900557], [1000, 19.181603427906953], [1500, 19.008249259008725], [2000, 18.903615584121283], [2500, 18.85370318132481], [3000, 18.817325947280974], [3500, 19.03214593396368], [4000, 19.001960580610778], [4500, 18.97425622563633], [5000, 18.964292606739843], [5500, 18.945703529627632], [6000, 18.933130472087974], [6500, 18.918078522506764], [7000, 18.91397608593325]]",4.306069181176648,33094,6.889710689883167e-06,17.04495376877759,0.7724290204048156,0.22876651257276534,0.2681276000426352,0.4958279186098313,0.07052839817221238,0.9483320159000638,0.21266195503437213,0.27372216928136334,0.056402303113176074,0.992353479014601,0.15934705309072514,0.016367389104832108,0.08785722109777862,0.6213355048859935,9156,14736,103.33417201042175,2,0.06224588875405138,0.2366980376202441,0.23799056315322176,2.0209903212561647e-08,1.0,,,,,,,,
stage3_perimage,chair__init-depth__n_views-3__depth_kind-ssi__depth_lambda-0p0__scale_jitter-0p1,blender,chair,3,depth,fps,2,white,gt,gt,0.0,0.0,1.0,0.0,0.1,0.0,ssi,0.0,7000,0,0,0.0,0.0,1.0,0.0,0.1,0.0,True,depth,19669,"[0, 32, 6]","[0, 8, 16, 24, 32, 40, 48, 56, 64, 72, 80, 88, 96, 104, 112, 120, 128, 136, 144, 152, 160, 168, 176, 184, 192]",3,25,81.65975284576416,"[[500, 18.42209188240389], [1000, 18.775876213888637], [1500, 18.710253437073284], [2000, 18.706494872676107], [2500, 18.680008456340133], [3000, 18.672362860524732], [3500, 18.76995871388781], [4000, 18.746696296278838], [4500, 18.752614474525394], [5000, 18.73501657929965], [5500, 18.72235515878029], [6000, 18.71872819642762], [6500, 18.71240401751484], [7000, 18.722648839607032]]",4.306069181176648,29328,6.889710689883167e-06,16.526237994900452,0.7553684949874878,0.27443244725465776,0.4126460647679574,0.7429536338049233,0.1070884112708659,0.8962592012226793,0.24581829239430303,0.3064284734207333,0.06519461496277063,0.984537247246286,0.24577650593126465,0.022943994534319438,0.13436025023279205,0.7004341534008683,10164,14511,105.84079384803772,2,0.12550664579083703,0.47772845585383544,0.48036608993250757,2.1713198626139282e-08,1.0,,,,,,,,
stage3_perimage,chair__init-depth__n_views-3__depth_kind-ssi__depth_lambda-0p0__scale_jitter-0p2,blender,chair,3,depth,fps,2,white,gt,gt,0.0,0.0,1.0,0.0,0.2,0.0,ssi,0.0,7000,0,0,0.0,0.0,1.0,0.0,0.2,0.0,True,depth,19669,"[0, 32, 6]","[0, 8, 16, 24, 32, 40, 48, 56, 64, 72, 80, 88, 96, 104, 112, 120, 128, 136, 144, 152, 160, 168, 176, 184, 192]",3,25,81.60140442848206,"[[500, 18.0265241045737], [1000, 18.880120038716452], [1500, 18.832069925345834], [2000, 18.814710255144313], [2500, 18.796386715984656], [3000, 18.79290003979766], [3500, 19.024299505762325], [4000, 18.999591289515728], [4500, 18.984999518790072], [5000, 18.979136562490297], [5500, 18.974740570291882], [6000, 18.962928529677804], [6500, 18.956896923674744], [7000, 18.955389062364443]]",4.306069181176648,44782,6.889710689883167e-06,14.931104988423783,0.7196169090270996,0.3291450810432434,0.8525606046973969,1.2536351004518649,0.2272732820226979,0.6458674911991003,0.25066771036988816,0.3105109184013688,0.0664817032082841,0.9860112997574976,0.5866381470749336,0.05233636617262009,0.3194872566237768,0.8858075975476996,15460,17453,120.94221067428589,2,0.25623360404425405,0.9772775626628761,0.9827865903829108,2.1917982015359883e-08,1.0,,,,,,,,
stage3_perimage,chair__init-depth__n_views-3__depth_kind-ssi__depth_lambda-0p0__scale_jitter-0p4,blender,chair,3,depth,fps,2,white,gt,gt,0.0,0.0,1.0,0.0,0.4,0.0,ssi,0.0,7000,0,0,0.0,0.0,1.0,0.0,0.4,0.0,True,depth,19669,"[0, 32, 6]","[0, 8, 16, 24, 32, 40, 48, 56, 64, 72, 80, 88, 96, 104, 112, 120, 128, 136, 144, 152, 160, 168, 176, 184, 192]",3,25,83.12976813316345,"[[500, 16.182876281842187], [1000, 16.18568243757864], [1500, 16.14044715557668], [2000, 16.11834630877265], [2500, 16.109437987125027], [3000, 16.109616040369694], [3500, 16.173976137481123], [4000, 16.17511778840379], [4500, 16.167329072794367], [5000, 16.16944071886503], [5500, 16.172905960640612], [6000, 16.1655408374686], [6500, 16.16972073502572], [7000, 16.163867413712]]",4.306069181176648,106520,6.889710689883167e-06,13.462115636852927,0.7089696335792541,0.35221381604671476,1.9454818337906834,2.463864950554653,0.51516582258642,0.39928879909292564,0.25015894678482764,0.3084986461888869,0.06645295834888695,0.9868292027648126,0.9696206335555836,0.22485264754504042,0.597236640550312,0.994613197665719,33235,33415,132.4259009361267,2,0.5430599205748837,2.079574141486942,2.0917316526103913,2.392308950105796e-08,1.0,,,,,,,,
stage3_perimage,chair__init-depth__n_views-3__depth_kind-ssi__depth_lambda-0p1__scale_jitter-0p05,blender,chair,3,depth,fps,2,white,gt,gt,0.0,0.0,1.0,0.0,0.05,0.0,ssi,0.1,7000,0,0,0.0,0.0,1.0,0.0,0.05,0.0,True,depth,19669,"[0, 32, 6]","[0, 8, 16, 24, 32, 40, 48, 56, 64, 72, 80, 88, 96, 104, 112, 120, 128, 136, 144, 152, 160, 168, 176, 184, 192]",3,25,95.6280562877655,"[[500, 21.25057755170804], [1000, 21.62556503982845], [1500, 21.664257780710074], [2000, 21.674664741886225], [2500, 21.64965070327145], [3000, 21.635020314808536], [3500, 21.580587994698245], [4000, 21.63526258135426], [4500, 21.62599607625536], [5000, 21.624288466935088], [5500, 21.62293624769891], [6000, 21.62476909997257], [6500, 21.612798079581918], [7000, 21.603829965661202]]",4.306069181176648,26653,6.889710689883167e-06,18.90634875880513,0.8115787982940674,0.18838472574949264,0.17511048244663072,0.28704824294024056,0.04546171723404453,0.9611174474968052,0.1393333761468355,0.1986410961890456,0.036872349628934604,0.995757966456174,0.1427716803309505,0.010229102894769177,0.07650039161285983,0.3653720778616001,3923,10737,113.86533212661743,2,0.06224588875405138,0.2366980376202441,0.23799056315322176,2.0209903212561647e-08,1.0,,,,,,,,
stage3_perimage,chair__init-depth__n_views-3__depth_kind-ssi__depth_lambda-0p1__scale_jitter-0p1,blender,chair,3,depth,fps,2,white,gt,gt,0.0,0.0,1.0,0.0,0.1,0.0,ssi,0.1,7000,0,0,0.0,0.0,1.0,0.0,0.1,0.0,True,depth,19669,"[0, 32, 6]","[0, 8, 16, 24, 32, 40, 48, 56, 64, 72, 80, 88, 96, 104, 112, 120, 128, 136, 144, 152, 160, 168, 176, 184, 192]",3,25,95.07308006286621,"[[500, 17.953692242111927], [1000, 19.655111253580916], [1500, 19.713586676951532], [2000, 19.704259402352484], [2500, 19.682435356314343], [3000, 19.713593326681412], [3500, 19.910326293160033], [4000, 19.912037336957496], [4500, 19.93955789678119], [5000, 19.947889761416647], [5500, 19.950183442720082], [6000, 19.97082499805818], [6500, 19.9818136063641], [7000, 19.989150774778498]]",4.306069181176648,26763,6.889710689883167e-06,17.379251908325614,0.7720162153244019,0.2518683198094368,0.3236639727221122,0.5086025240155599,0.08386935762147023,0.9056416141581297,0.21500191249644182,0.277310477822971,0.05695839564151503,0.9867471519399253,0.2679356102937109,0.016933826900881015,0.14243471859729595,0.6055324754281082,5976,9869,118.82059645652771,2,0.12550664579083703,0.47772845585383544,0.48036608993250757,2.1713198626139282e-08,1.0,,,,,,,,
stage3_perimage,chair__init-depth__n_views-3__depth_kind-ssi__depth_lambda-0p1__scale_jitter-0p2,blender,chair,3,depth,fps,2,white,gt,gt,0.0,0.0,1.0,0.0,0.2,0.0,ssi,0.1,7000,0,0,0.0,0.0,1.0,0.0,0.2,0.0,True,depth,19669,"[0, 32, 6]","[0, 8, 16, 24, 32, 40, 48, 56, 64, 72, 80, 88, 96, 104, 112, 120, 128, 136, 144, 152, 160, 168, 176, 184, 192]",3,25,96.17140126228333,"[[500, 17.617658455590448], [1000, 18.161639782491825], [1500, 18.153428338369686], [2000, 18.115327679543775], [2500, 18.073032698371815], [3000, 18.068459274086603], [3500, 18.119960057888672], [4000, 18.116063384850246], [4500, 18.10235970728033], [5000, 18.113519015861723], [5500, 18.113965998429112], [6000, 18.098652931161634], [6500, 18.108556486003145], [7000, 18.107061785645875]]",4.306069181176648,55303,6.889710689883167e-06,14.748695693850395,0.7140862464904785,0.35557569563388824,0.8411932056504586,1.0876322497424433,0.22297280865494884,0.5988881247879166,0.24590564532716988,0.3077092058600486,0.06535329309494138,0.9852448174404781,0.6329082488377105,0.049316194632298534,0.3411122217350045,0.9748103366524419,16447,16872,139.27897095680237,2,0.25623360404425405,0.9772775626628761,0.9827865903829108,2.1917982015359883e-08,1.0,,,,,,,,
stage3_perimage,chair__init-depth__n_views-3__depth_kind-ssi__depth_lambda-0p1__scale_jitter-0p4,blender,chair,3,depth,fps,2,white,gt,gt,0.0,0.0,1.0,0.0,0.4,0.0,ssi,0.1,7000,0,0,0.0,0.0,1.0,0.0,0.4,0.0,True,depth,19669,"[0, 32, 6]","[0, 8, 16, 24, 32, 40, 48, 56, 64, 72, 80, 88, 96, 104, 112, 120, 128, 136, 144, 152, 160, 168, 176, 184, 192]",3,25,96.21901226043701,"[[500, 16.13992203257437], [1000, 16.102699883689407], [1500, 16.07274630726274], [2000, 16.066832385297133], [2500, 16.061262061597347], [3000, 16.059152574662185], [3500, 16.163434793528744], [4000, 16.15172250894244], [4500, 16.14306318164629], [5000, 16.14104558594926], [5500, 16.130989969372127], [6000, 16.11561832776516], [6500, 16.123208493602334], [7000, 16.11799861357038]]",4.306069181176648,94720,6.889710689883167e-06,13.49166119741023,0.7022217440605164,0.3591644585132599,1.8475891239890863,2.356041575579322,0.49026924110196374,0.3991196609382587,0.24714947774604895,0.30467272994809824,0.06565594294332783,0.9869138616405881,0.9140547316579674,0.21969339522179032,0.5668740634398788,0.9980369474532899,28471,28527,142.2641568183899,2,0.5430599205748837,2.079574141486942,2.0917316526103913,2.392308950105796e-08,1.0,,,,,,,,
stage3_perimage,chair__init-random__n_views-3__depth_kind-absolute__depth_lambda-0p1__scale_jitter-0p05,blender,chair,3,random,fps,2,white,gt,gt,0.0,0.0,1.0,0.0,0.05,0.0,absolute,0.1,7000,0,0,0.0,0.0,1.0,0.0,0.05,0.0,True,random,100000,"[0, 32, 6]","[0, 8, 16, 24, 32, 40, 48, 56, 64, 72, 80, 88, 96, 104, 112, 120, 128, 136, 144, 152, 160, 168, 176, 184, 192]",3,25,89.38328647613525,"[[500, 20.307318730188975], [1000, 20.789502227109224], [1500, 20.19906409452016], [2000, 20.195692987220575], [2500, 20.11319180667563], [3000, 20.097896759099086], [3500, 20.886622786372328], [4000, 20.856512919210367], [4500, 20.828948454437317], [5000, 20.800011562136692], [5500, 20.785939547209455], [6000, 20.75502225164672], [6500, 20.74653047445643], [7000, 20.728450894271585]]",4.306069181176648,36999,6.889710689883167e-06,18.23168878336625,0.7737725043296814,0.28961211562156675,0.34184642159393147,0.555851724179323,0.09185951401256304,0.8967281710803361,0.20368043971153363,0.2689580438353624,0.05387823535882169,0.9899337630293161,0.48065846071120905,0.01604870699992808,0.24835358385556855,0.6387718242022877,3183,4983,124.01812243461609,2,0.06224588875405138,0.2366980376202441,0.23799056315322176,2.0209903212561647e-08,1.0,,,,,,,,
stage3_perimage,chair__init-random__n_views-3__depth_kind-absolute__depth_lambda-0p1__scale_jitter-0p1,blender,chair,3,random,fps,2,white,gt,gt,0.0,0.0,1.0,0.0,0.1,0.0,absolute,0.1,7000,0,0,0.0,0.0,1.0,0.0,0.1,0.0,True,random,100000,"[0, 32, 6]","[0, 8, 16, 24, 32, 40, 48, 56, 64, 72, 80, 88, 96, 104, 112, 120, 128, 136, 144, 152, 160, 168, 176, 184, 192]",3,25,89.94304490089417,"[[500, 19.395213853021215], [1000, 19.646154526648143], [1500, 19.739702006776294], [2000, 19.571114652508474], [2500, 19.400959357516264], [3000, 19.414368233173214], [3500, 19.31720399841747], [4000, 19.305942576693674], [4500, 19.30132603798763], [5000, 19.284561038492306], [5500, 19.27283493833777], [6000, 19.26658617867446], [6500, 19.25328743755291], [7000, 19.25942838959226]]",4.306069181176648,41849,6.889710689883167e-06,16.626248399813782,0.7393571567535401,0.3453782415390015,0.580027548049447,0.7881588134013998,0.15480577732989487,0.775333866733828,0.2335209262421327,0.2938843268130958,0.0619869491983096,0.9890052405623868,0.662875515828134,0.02175728842221214,0.34231640212517306,0.8977203954004438,4450,4957,135.21459221839905,2,0.12550664579083703,0.47772845585383544,0.48036608993250757,2.1713198626139282e-08,1.0,,,,,,,,
stage3_perimage,chair__init-random__n_views-3__depth_kind-absolute__depth_lambda-0p1__scale_jitter-0p2,blender,chair,3,random,fps,2,white,gt,gt,0.0,0.0,1.0,0.0,0.2,0.0,absolute,0.1,7000,0,0,0.0,0.0,1.0,0.0,0.2,0.0,True,random,100000,"[0, 32, 6]","[0, 8, 16, 24, 32, 40, 48, 56, 64, 72, 80, 88, 96, 104, 112, 120, 128, 136, 144, 152, 160, 168, 176, 184, 192]",3,25,89.19284653663635,"[[500, 18.176244679847834], [1000, 18.033108013722128], [1500, 18.230999005622362], [2000, 18.174632492896038], [2500, 18.09312255297289], [3000, 18.037379080388057], [3500, 17.994391774746774], [4000, 17.94910472839537], [4500, 17.919308627237868], [5000, 17.930268919554923], [5500, 17.905526179507483], [6000, 17.88984867457387], [6500, 17.876957065126177], [7000, 17.862865500023954]]",4.306069181176648,56813,6.889710689883167e-06,14.636247166804944,0.6791827845573425,0.39817652344703675,0.9349952852872656,1.2351604137877987,0.24901997175860444,0.5546803830058472,0.24745722049110952,0.30730055226321484,0.06574171955156456,0.9859839778948498,0.7664845469845883,0.05641784516190887,0.4114511960732486,0.9972845061680503,12854,12889,132.798166513443,2,0.25623360404425405,0.9772775626628761,0.9827865903829108,2.1917982015359883e-08,1.0,,,,,,,,
stage3_perimage,chair__init-random__n_views-3__depth_kind-absolute__depth_lambda-0p1__scale_jitter-0p4,blender,chair,3,random,fps,2,white,gt,gt,0.0,0.0,1.0,0.0,0.4,0.0,absolute,0.1,7000,0,0,0.0,0.0,1.0,0.0,0.4,0.0,True,random,100000,"[0, 32, 6]","[0, 8, 16, 24, 32, 40, 48, 56, 64, 72, 80, 88, 96, 104, 112, 120, 128, 136, 144, 152, 160, 168, 176, 184, 192]",3,25,88.70433735847473,"[[500, 17.102528960257192], [1000, 16.01645918136457], [1500, 16.222865006658534], [2000, 16.321492806059478], [2500, 16.268248777810555], [3000, 16.24259553494804], [3500, 16.424039508056197], [4000, 16.39249785475911], [4500, 16.37275215692957], [5000, 16.3655755804124], [5500, 16.34228890242689], [6000, 16.31638966188128], [6500, 16.310528535104453], [7000, 16.297614590429625]]",4.306069181176648,88845,6.889710689883167e-06,13.485505993603569,0.6896242213249206,0.4037398511171341,1.6915047126167213,2.159936772192945,0.44978058015840405,0.33783786830702484,0.2583369107861753,0.3153144423006155,0.06863532811775472,0.9856714862204844,1.2161818210180708,0.10940126914659239,0.6627915450823316,0.9983776266996292,25846,25888,130.66976380348206,2,0.5430599205748837,2.079574141486942,2.0917316526103913,2.392308950105796e-08,1.0,,,,,,,,
stage3_perimage,lego__init-depth__n_views-3__depth_kind-absolute__depth_lambda-0p1__scale_jitter-0p05,blender,lego,3,depth,fps,2,white,gt,gt,0.0,0.0,1.0,0.0,0.05,0.0,absolute,0.1,7000,0,0,0.0,0.0,1.0,0.0,0.05,0.0,True,depth,25546,"[0, 89, 32]","[0, 8, 16, 24, 32, 40, 48, 56, 64, 72, 80, 88, 96, 104, 112, 120, 128, 136, 144, 152, 160, 168, 176, 184, 192]",3,25,90.74240040779114,"[[500, 13.161595174367612], [1000, 13.681289301575985], [1500, 12.83363045048294], [2000, 12.460639992937438], [2500, 12.309659885733112], [3000, 12.180094141259474], [3500, 12.436944299134108], [4000, 12.310906115279511], [4500, 12.250326505435917], [5000, 12.20757888085671], [5500, 12.17431276221469], [6000, 12.147776222031029], [6500, 12.126152226098348], [7000, 12.10754527232092]]",4.5367010562599654,52813,7.258721690016551e-06,13.339755439925135,0.6592496967315674,0.3112777155637741,0.34585254981094055,0.6735767210463125,0.09404690774006426,0.9168113526748973,0.25592922047559585,0.3349310376240991,0.06966741913284358,0.9784067004618161,0.1354981085413942,0.020765591121965098,0.07813184983167966,0.41295717990790237,7802,18893,104.61993050575256,2,0.062245887912939175,0.22409174834085133,0.22522164137022793,1.9196183323229792e-08,1.0,,,,,,,,
stage3_perimage,lego__init-depth__n_views-3__depth_kind-absolute__depth_lambda-0p1__scale_jitter-0p1,blender,lego,3,depth,fps,2,white,gt,gt,0.0,0.0,1.0,0.0,0.1,0.0,absolute,0.1,7000,0,0,0.0,0.0,1.0,0.0,0.1,0.0,True,depth,25546,"[0, 89, 32]","[0, 8, 16, 24, 32, 40, 48, 56, 64, 72, 80, 88, 96, 104, 112, 120, 128, 136, 144, 152, 160, 168, 176, 184, 192]",3,25,90.7844786643982,"[[500, 10.580935820927909], [1000, 10.638114429078206], [1500, 10.44970303248868], [2000, 10.421063148069953], [2500, 10.397504475787198], [3000, 10.38156924228985], [3500, 10.490541344708614], [4000, 10.403037403845342], [4500, 10.378624313559204], [5000, 10.336737799668175], [5500, 10.301598537667923], [6000, 10.27093838247155], [6500, 10.23988499202229], [7000, 10.224979521804002]]",4.5367010562599654,52205,7.258721690016551e-06,11.503628097558924,0.6265666103363037,0.37915157198905947,0.5243340564761181,0.7114419689513357,0.1412826088275253,0.825270393185852,0.2723384194622593,0.34943270359253303,0.07401203635741871,0.975426893473971,0.3632508347228541,0.024449186990104368,0.1938500108564792,0.6747506799637353,11908,17648,111.27936339378357,2,0.12550664397852337,0.4513730537569407,0.4536806125920137,1.964181190866062e-08,1.0,,,,,,,,
stage3_perimage,lego__init-depth__n_views-3__depth_kind-absolute__depth_lambda-0p1__scale_jitter-0p2,blender,lego,3,depth,fps,2,white,gt,gt,0.0,0.0,1.0,0.0,0.2,0.0,absolute,0.1,7000,0,0,0.0,0.0,1.0,0.0,0.2,0.0,True,depth,25546,"[0, 89, 32]","[0, 8, 16, 24, 32, 40, 48, 56, 64, 72, 80, 88, 96, 104, 112, 120, 128, 136, 144, 152, 160, 168, 176, 184, 192]",3,25,91.66059041023254,"[[500, 9.35516368260727], [1000, 9.514513236306737], [1500, 9.315569872161594], [2000, 8.872786549865861], [2500, 8.835374736762766], [3000, 9.001205785532722], [3500, 9.050538313893124], [4000, 8.944747145502438], [4500, 8.944728264541919], [5000, 8.926784237055614], [5500, 8.901048716945377], [6000, 8.880814624874787], [6500, 8.879499091260284], [7000, 8.89010983208968]]",4.5367010562599654,74434,7.258721690016551e-06,10.079141897697767,0.5598315131664277,0.5074516940116882,0.912994849217603,1.1276712202324992,0.2462501298954719,0.4822302589629606,0.27501539651413315,0.35147952997559406,0.07489745115839423,0.978256894273049,0.5621464216675837,0.034586968919393675,0.2983666952934887,0.9015254237288136,15957,17700,121.70920610427856,2,0.256233600079294,0.9196984423629454,0.9245250468787704,2.175053338749392e-08,1.0,,,,,,,,
stage3_perimage,lego__init-depth__n_views-3__depth_kind-absolute__depth_lambda-0p1__scale_jitter-0p4,blender,lego,3,depth,fps,2,white,gt,gt,0.0,0.0,1.0,0.0,0.4,0.0,absolute,0.1,7000,0,0,0.0,0.0,1.0,0.0,0.4,0.0,True,depth,25546,"[0, 89, 32]","[0, 8, 16, 24, 32, 40, 48, 56, 64, 72, 80, 88, 96, 104, 112, 120, 128, 136, 144, 152, 160, 168, 176, 184, 192]",3,25,93.83382487297058,"[[500, 8.365362447571233], [1000, 8.573996406292087], [1500, 8.362502091215454], [2000, 8.356128335280602], [2500, 8.371237453583634], [3000, 8.36069435232757], [3500, 8.472979319546134], [4000, 8.479439245899748], [4500, 8.48310366796311], [5000, 8.48402381136983], [5500, 8.483905720929062], [6000, 8.4839869948259], [6500, 8.480713632778624], [7000, 8.480495067320245]]",4.5367010562599654,174732,7.258721690016551e-06,8.673909501470334,0.5193437814712525,0.5146280848979949,1.7852898574767888,2.248358739335001,0.4904538304952263,0.37513948797753743,0.273758526010105,0.35065047462026755,0.0745967928922045,0.9733608649646702,0.9957749186964024,0.08995472037516472,0.5428648195357836,0.9973888463012649,41635,41744,129.75339722633362,2,0.5430599108308182,1.9421716309958732,1.9528492477272525,2.3232688768449545e-08,1.0,,,,,,,,
stage3_perimage,lego__init-depth__n_views-3__depth_kind-ssi__depth_lambda-0p0__scale_jitter-0p05,blender,lego,3,depth,fps,2,white,gt,gt,0.0,0.0,1.0,0.0,0.05,0.0,ssi,0.0,7000,0,0,0.0,0.0,1.0,0.0,0.05,0.0,True,depth,25546,"[0, 89, 32]","[0, 8, 16, 24, 32, 40, 48, 56, 64, 72, 80, 88, 96, 104, 112, 120, 128, 136, 144, 152, 160, 168, 176, 184, 192]",3,25,84.77858591079712,"[[500, 14.515263053538423], [1000, 15.711417253021711], [1500, 15.576854715296728], [2000, 15.517662635072927], [2500, 15.461296200843757], [3000, 15.441008694618052], [3500, 15.552805797663886], [4000, 15.514821886765313], [4500, 15.505491533077013], [5000, 15.483993631257436], [5500, 15.47234030816621], [6000, 15.458638321830534], [6500, 15.449244142024114], [7000, 15.443285354542937]]",4.5367010562599654,52706,7.258721690016551e-06,15.707696892398074,0.7057925319671631,0.2542355567216873,0.21205275329834816,0.5615938568252204,0.05799838429460688,0.971625873865669,0.2296881870168823,0.3092921532618918,0.06259612460527295,0.9809402353910683,0.043015078121411816,0.015787007219355918,0.02940104267038387,0.31046442771339144,7340,23642,96.07215428352356,2,0.062245887912939175,0.22409174834085133,0.22522164137022793,1.9196183323229792e-08,1.0,,,,,,,,
stage3_perimage,lego__init-depth__n_views-3__depth_kind-ssi__depth_lambda-0p0__scale_jitter-0p1,blender,lego,3,depth,fps,2,white,gt,gt,0.0,0.0,1.0,0.0,0.1,0.0,ssi,0.0,7000,0,0,0.0,0.0,1.0,0.0,0.1,0.0,True,depth,25546,"[0, 89, 32]","[0, 8, 16, 24, 32, 40, 48, 56, 64, 72, 80, 88, 96, 104, 112, 120, 128, 136, 144, 152, 160, 168, 176, 184, 192]",3,25,84.50495433807373,"[[500, 11.621464285242887], [1000, 14.02022273662066], [1500, 13.970451911192235], [2000, 13.922378220588937], [2500, 13.919283249740694], [3000, 13.913531171234553], [3500, 14.051483759442162], [4000, 14.040418257257187], [4500, 14.0314957287974], [5000, 14.021449490999968], [5500, 14.020455954293904], [6000, 14.02103455060628], [6500, 14.01643996752086], [7000, 14.016749815126353]]",4.5367010562599654,49551,7.258721690016551e-06,13.959649940203796,0.6682607412338257,0.3089904081821442,0.38252148282821635,0.8580119094880068,0.10362183584882358,0.9393704679397027,0.27137032908583436,0.34722222325177987,0.07395763840384988,0.9819480276948425,0.08041646056024994,0.022380375574620463,0.0513984180674352,0.477676451030683,10057,21054,96.79156923294067,2,0.12550664397852337,0.4513730537569407,0.4536806125920137,1.964181190866062e-08,1.0,,,,,,,,
stage3_perimage,lego__init-depth__n_views-3__depth_kind-ssi__depth_lambda-0p0__scale_jitter-0p2,blender,lego,3,depth,fps,2,white,gt,gt,0.0,0.0,1.0,0.0,0.2,0.0,ssi,0.0,7000,0,0,0.0,0.0,1.0,0.0,0.2,0.0,True,depth,25546,"[0, 89, 32]","[0, 8, 16, 24, 32, 40, 48, 56, 64, 72, 80, 88, 96, 104, 112, 120, 128, 136, 144, 152, 160, 168, 176, 184, 192]",3,25,83.875563621521,"[[500, 9.788439678093404], [1000, 10.387021496511606], [1500, 10.28755674375302], [2000, 10.271104934376906], [2500, 10.255704571674505], [3000, 10.24967648013807], [3500, 10.874313168131895], [4000, 10.856775368304719], [4500, 10.84853868645466], [5000, 10.841792980861511], [5500, 10.837018624513219], [6000, 10.838688889964118], [6500, 10.838178391754568], [7000, 10.836997834957632]]",4.5367010562599654,50682,7.258721690016551e-06,11.543386424232578,0.5846601891517639,0.4236660051345825,0.7555819636304468,1.3308754934488434,0.2048447626251031,0.7854641365738055,0.26986052922866244,0.3448113205658543,0.07369946965371767,0.9777248276470284,0.2618527567226684,0.050122228233960994,0.1559874924783147,0.6221622162216222,12442,19998,102.88448929786682,2,0.256233600079294,0.9196984423629454,0.9245250468787704,2.175053338749392e-08,1.0,,,,,,,,
stage3_perimage,lego__init-depth__n_views-3__depth_kind-ssi__depth_lambda-0p0__scale_jitter-0p4,blender,lego,3,depth,fps,2,white,gt,gt,0.0,0.0,1.0,0.0,0.4,0.0,ssi,0.0,7000,0,0,0.0,0.0,1.0,0.0,0.4,0.0,True,depth,25546,"[0, 89, 32]","[0, 8, 16, 24, 32, 40, 48, 56, 64, 72, 80, 88, 96, 104, 112, 120, 128, 136, 144, 152, 160, 168, 176, 184, 192]",3,25,85.64287281036377,"[[500, 8.473276843096185], [1000, 8.49927028993947], [1500, 8.446018163864666], [2000, 8.429904121896225], [2500, 8.421102279199935], [3000, 8.415622312620158], [3500, 8.450248102597211], [4000, 8.451285204596548], [4500, 8.44667015436272], [5000, 8.446648174418765], [5500, 8.445109102416827], [6000, 8.4440870057845], [6500, 8.443189701495474], [7000, 8.44451868626788]]",4.5367010562599654,132828,7.258721690016551e-06,8.872368025971646,0.5536404657363891,0.4978418409824371,2.106701035303911,2.57489729500235,0.5824956045238645,0.3226554124997086,0.2674917914446153,0.3443628558428491,0.07272397972339333,0.9723873307488872,1.1404406358368402,0.10118334366178688,0.6208119897493135,0.9560337247193917,36966,38666,119.11370038986206,2,0.5430599108308182,1.9421716309958732,1.9528492477272525,2.3232688768449545e-08,1.0,,,,,,,,
stage3_perimage,lego__init-depth__n_views-3__depth_kind-ssi__depth_lambda-0p1__scale_jitter-0p05,blender,lego,3,depth,fps,2,white,gt,gt,0.0,0.0,1.0,0.0,0.05,0.0,ssi,0.1,7000,0,0,0.0,0.0,1.0,0.0,0.05,0.0,True,depth,25546,"[0, 89, 32]","[0, 8, 16, 24, 32, 40, 48, 56, 64, 72, 80, 88, 96, 104, 112, 120, 128, 136, 144, 152, 160, 168, 176, 184, 192]",3,25,97.64468050003052,"[[500, 13.955932233094728], [1000, 16.644430842085903], [1500, 16.67854462336183], [2000, 16.58112752364489], [2500, 16.59046976241411], [3000, 16.60866060101977], [3500, 16.854892386450754], [4000, 16.793956530293087], [4500, 16.780148409239686], [5000, 16.753178662401012], [5500, 16.730465242423037], [6000, 16.715520188991], [6500, 16.69677141578299], [7000, 16.685884393239615]]",4.5367010562599654,49002,7.258721690016551e-06,17.342141021540943,0.7369051671028137,0.22240913450717925,0.0739631785246361,0.14492734002404842,0.019820029998950744,0.9975094493361698,0.07608534929395973,0.13958573105599956,0.020365819025447936,0.9975287089763569,0.025628586002523206,0.008971532427129902,0.017300059214826552,0.13648011480114802,2663,19512,107.74399495124817,2,0.062245887912939175,0.22409174834085133,0.22522164137022793,1.9196183323229792e-08,1.0,,,,,,,,
stage3_perimage,lego__init-depth__n_views-3__depth_kind-ssi__depth_lambda-0p1__scale_jitter-0p1,blender,lego,3,depth,fps,2,white,gt,gt,0.0,0.0,1.0,0.0,0.1,0.0,ssi,0.1,7000,0,0,0.0,0.0,1.0,0.0,0.1,0.0,True,depth,25546,"[0, 89, 32]","[0, 8, 16, 24, 32, 40, 48, 56, 64, 72, 80, 88, 96, 104, 112, 120, 128, 136, 144, 152, 160, 168, 176, 184, 192]",3,25,97.6764588356018,"[[500, 11.376698258133537], [1000, 15.104978413464309], [1500, 15.169888393012075], [2000, 15.13635922330047], [2500, 15.120925640421781], [3000, 15.108020247021223], [3500, 15.334854700915342], [4000, 15.320428956257775], [4500, 15.29321792913216], [5000, 15.291368913338669], [5500, 15.272825680662699], [6000, 15.258152205368177], [6500, 15.25571526097242], [7000, 15.24267951577385]]",4.5367010562599654,49408,7.258721690016551e-06,15.321308632835448,0.6948479247093201,0.27879528522491454,0.1322454476324431,0.25198899946973685,0.035500167594624404,0.992241541862473,0.1445416470177701,0.22263086344728347,0.03905656320651998,0.9937754589508139,0.056594198653222544,0.011639732958780848,0.034116965806001695,0.3252212389380531,5439,16724,109.0099356174469,2,0.12550664397852337,0.4513730537569407,0.4536806125920137,1.964181190866062e-08,1.0,,,,,,,,
stage3_perimage,lego__init-depth__n_views-3__depth_kind-ssi__depth_lambda-0p1__scale_jitter-0p2,blender,lego,3,depth,fps,2,white,gt,gt,0.0,0.0,1.0,0.0,0.2,0.0,ssi,0.1,7000,0,0,0.0,0.0,1.0,0.0,0.2,0.0,True,depth,25546,"[0, 89, 32]","[0, 8, 16, 24, 32, 40, 48, 56, 64, 72, 80, 88, 96, 104, 112, 120, 128, 136, 144, 152, 160, 168, 176, 184, 192]",3,25,98.51046943664551,"[[500, 10.284366831433772], [1000, 11.607610274797178], [1500, 11.654422186451958], [2000, 11.766242309458569], [2500, 11.784881373226387], [3000, 11.743688798161397], [3500, 12.380381288543452], [4000, 12.342912099244051], [4500, 12.374953788566001], [5000, 12.35476382367823], [5500, 12.36354519669084], [6000, 12.360584056566486], [6500, 12.35620796921135], [7000, 12.365173003932586]]",4.5367010562599654,53096,7.258721690016551e-06,12.393807598604731,0.5854731833934784,0.4205547821521759,0.34995150111051765,0.5607289728946228,0.09253216067707289,0.8624561040816868,0.22609359630025871,0.30440242865936734,0.06118353549930773,0.9834177755280257,0.41928169125040454,0.016573084847790825,0.21792738804909767,0.4515352589123081,6941,15372,122.42349195480347,2,0.256233600079294,0.9196984423629454,0.9245250468787704,2.175053338749392e-08,1.0,,,,,,,,
stage3_perimage,lego__init-depth__n_views-3__depth_kind-ssi__depth_lambda-0p1__scale_jitter-0p4,blender,lego,3,depth,fps,2,white,gt,gt,0.0,0.0,1.0,0.0,0.4,0.0,ssi,0.1,7000,0,0,0.0,0.0,1.0,0.0,0.4,0.0,True,depth,25546,"[0, 89, 32]","[0, 8, 16, 24, 32, 40, 48, 56, 64, 72, 80, 88, 96, 104, 112, 120, 128, 136, 144, 152, 160, 168, 176, 184, 192]",3,25,101.10274481773376,"[[500, 8.804219568462518], [1000, 9.17145226625722], [1500, 9.173873406400885], [2000, 9.178349057239977], [2500, 9.180053041792064], [3000, 9.189724888345106], [3500, 9.312936674156754], [4000, 9.322400246029874], [4500, 9.322430862253754], [5000, 9.322437240203673], [5500, 9.321832247291198], [6000, 9.322358976525697], [6500, 9.32289129941271], [7000, 9.320473909408411]]",4.5367010562599654,140197,7.258721690016551e-06,9.324074164077471,0.5408074927330017,0.4893340635299683,1.813298988029006,2.322055276040118,0.49985880097872515,0.3853939444737844,0.273304300481337,0.34951260039008075,0.0744112968384662,0.9740420722774696,0.8023799404038978,0.08671610508784623,0.444548022745872,0.9822865444792133,35158,35792,135.39046788215637,2,0.5430599108308182,1.9421716309958732,1.9528492477272525,2.3232688768449545e-08,1.0,,,,,,,,
stage3_perimage,lego__init-random__n_views-3__depth_kind-absolute__depth_lambda-0p1__scale_jitter-0p05,blender,lego,3,random,fps,2,white,gt,gt,0.0,0.0,1.0,0.0,0.05,0.0,absolute,0.1,7000,0,0,0.0,0.0,1.0,0.0,0.05,0.0,True,random,100000,"[0, 89, 32]","[0, 8, 16, 24, 32, 40, 48, 56, 64, 72, 80, 88, 96, 104, 112, 120, 128, 136, 144, 152, 160, 168, 176, 184, 192]",3,25,91.45561623573303,"[[500, 16.027729836622253], [1000, 16.384729753925036], [1500, 16.082866749870526], [2000, 15.948892890755696], [2500, 15.395267847186648], [3000, 15.358197861106984], [3500, 15.69299598599954], [4000, 15.616524574156537], [4500, 15.5807894295972], [5000, 15.570867004329225], [5500, 15.572479312673199], [6000, 15.560939284154053], [6500, 15.5721134820573], [7000, 15.571881880058715]]",4.5367010562599654,54525,7.258721690016551e-06,15.675380392330474,0.6726092100143433,0.3092507660388947,0.18736100969374297,0.3164448401132869,0.05091095087270743,0.9689242543941221,0.16401558230394755,0.2393385501763137,0.04452714635120145,0.991434804473037,0.30784820402981344,0.014632697545004097,0.16124045078740878,0.23335955940204564,2966,12710,108.2619903087616,2,0.062245887912939175,0.22409174834085133,0.22522164137022793,1.9196183323229792e-08,1.0,,,,,,,,
stage3_perimage,lego__init-random__n_views-3__depth_kind-absolute__depth_lambda-0p1__scale_jitter-0p1,blender,lego,3,random,fps,2,white,gt,gt,0.0,0.0,1.0,0.0,0.1,0.0,absolute,0.1,7000,0,0,0.0,0.0,1.0,0.0,0.1,0.0,True,random,100000,"[0, 89, 32]","[0, 8, 16, 24, 32, 40, 48, 56, 64, 72, 80, 88, 96, 104, 112, 120, 128, 136, 144, 152, 160, 168, 176, 184, 192]",3,25,92.21266198158264,"[[500, 13.644140085367363], [1000, 13.095071853276867], [1500, 12.662830880920732], [2000, 12.42872250790385], [2500, 12.293723864832636], [3000, 12.093161009111446], [3500, 12.262217417070975], [4000, 12.134571944800701], [4500, 12.11241939829318], [5000, 12.166578957770849], [5500, 12.19468710669247], [6000, 12.151890271866701], [6500, 12.07718264912754], [7000, 11.998346759542672]]",4.5367010562599654,63603,7.258721690016551e-06,12.203309185644711,0.611979832649231,0.39037864804267886,0.47133478115312216,0.6520088505067636,0.12599502315992678,0.7965332960385301,0.24837676158822336,0.3252919457363563,0.0674647266405705,0.9793141067658638,0.47749438807254085,0.021183102703208837,0.24933874538787484,0.45404725541281105,5054,11131,119.26602721214294,2,0.12550664397852337,0.4513730537569407,0.4536806125920137,1.964181190866062e-08,1.0,,,,,,,,
stage3_perimage,lego__init-random__n_views-3__depth_kind-absolute__depth_lambda-0p1__scale_jitter-0p2,blender,lego,3,random,fps,2,white,gt,gt,0.0,0.0,1.0,0.0,0.2,0.0,absolute,0.1,7000,0,0,0.0,0.0,1.0,0.0,0.2,0.0,True,random,100000,"[0, 89, 32]","[0, 8, 16, 24, 32, 40, 48, 56, 64, 72, 80, 88, 96, 104, 112, 120, 128, 136, 144, 152, 160, 168, 176, 184, 192]",3,25,91.09080910682678,"[[500, 11.023795332281896], [1000, 10.559190147031657], [1500, 9.664307101950385], [2000, 9.269212902019508], [2500, 8.973956083301806], [3000, 8.821895293513483], [3500, 8.59948133450526], [4000, 8.48430087511437], [4500, 8.469549821997974], [5000, 8.474637526000286], [5500, 8.48784239546004], [6000, 8.524352422619762], [6500, 8.50024373366709], [7000, 8.49021616189592]]",4.5367010562599654,68285,7.258721690016551e-06,9.70060057276019,0.5142852532863617,0.5502271771430969,0.9030528250429625,1.0581901994649319,0.2429165322512281,0.4389493779388778,0.278266247843388,0.35318403632134854,0.07568865274045765,0.9732249203742573,0.6303943206492617,0.03424624923076028,0.332320284940011,0.9029208409764358,12798,14174,121.23020482063293,2,0.256233600079294,0.9196984423629454,0.9245250468787704,2.175053338749392e-08,1.0,,,,,,,,
stage3_perimage,lego__init-random__n_views-3__depth_kind-absolute__depth_lambda-0p1__scale_jitter-0p4,blender,lego,3,random,fps,2,white,gt,gt,0.0,0.0,1.0,0.0,0.4,0.0,absolute,0.1,7000,0,0,0.0,0.0,1.0,0.0,0.4,0.0,True,random,100000,"[0, 89, 32]","[0, 8, 16, 24, 32, 40, 48, 56, 64, 72, 80, 88, 96, 104, 112, 120, 128, 136, 144, 152, 160, 168, 176, 184, 192]",3,25,91.90925979614258,"[[500, 10.422610773370746], [1000, 10.079032456401384], [1500, 9.765972327649695], [2000, 9.54699111551331], [2500, 9.38069586760347], [3000, 9.364132576402229], [3500, 9.535064074790967], [4000, 9.49537832887349], [4500, 9.47872193966177], [5000, 9.469410934233503], [5500, 9.4536227797304], [6000, 9.450058266182007], [6500, 9.432660245158516], [7000, 9.42634815087543]]",4.5367010562599654,123099,7.258721690016551e-06,9.501570008663874,0.5229053664207458,0.5163811910152435,1.1632692076817062,1.4647604648414585,0.319364780633631,0.45237243945043887,0.2827864635351219,0.35529905868017586,0.07720665093624737,0.9802510634834314,0.8376839492045371,0.04183996624666317,0.43976195772560017,0.9923273657289002,34144,34408,127.98065376281738,2,0.5430599108308182,1.9421716309958732,1.9528492477272525,2.3232688768449545e-08,1.0,,,,,,,,
stage4_real,chair__init-depth__n_views-3__depth_model-depth_anything_v2__depth_align-gt__depth_kind-absolute__depth_lambda-0p1,blender,chair,3,depth,fps,2,white,depth_anything_v2,gt,0.0,0.0,1.0,0.0,0.0,0.0,absolute,0.1,7000,0,0,0.0,0.0,1.0,0.0,0.0,0.0,True,depth,20672,"[0, 32, 6]","[0, 8, 16, 24, 32, 40, 48, 56, 64, 72, 80, 88, 96, 104, 112, 120, 128, 136, 144, 152, 160, 168, 176, 184, 192]",3,25,65.62271237373352,"[[500, 22.233864137685053], [1000, 22.171615745052392], [1500, 22.094912118246654], [2000, 22.021494486613392], [2500, 21.979744668832993], [3000, 21.933545892523295], [3500, 21.946869767007456], [4000, 21.939221328261382], [4500, 21.939913052771523], [5000, 21.92879112164492], [5500, 21.921795118653968], [6000, 21.91693791758549], [6500, 21.91052703173839], [7000, 21.907379015247347]]",4.306069181176648,41497,6.889710689883167e-06,19.819923010197893,0.8329976439476013,0.1508624315261841,0.13389353789818872,0.353150157444335,0.035376281306419975,0.972803459382205,0.15581605784610633,0.22326634701024442,0.04126517968486239,0.9923203778161888,0.04953173171829383,0.01126782462614774,0.030399778172220785,0.06948618863603835,971,13974,77.72450566291809,2,0.016935250146915784,0.06334852687194205,0.08902332101681343,0.016976151144925556,1.0,,0.0003726890662663737,0.1802933225580867,3,0,,,
stage4_real,chair__init-depth__n_views-3__depth_model-depth_anything_v2__depth_align-gt__depth_kind-ssi__depth_lambda-0p0,blender,chair,3,depth,fps,2,white,depth_anything_v2,gt,0.0,0.0,1.0,0.0,0.0,0.0,ssi,0.0,7000,0,0,0.0,0.0,1.0,0.0,0.0,0.0,True,depth,20672,"[0, 32, 6]","[0, 8, 16, 24, 32, 40, 48, 56, 64, 72, 80, 88, 96, 104, 112, 120, 128, 136, 144, 152, 160, 168, 176, 184, 192]",3,25,60.641894817352295,"[[500, 22.275598927729774], [1000, 22.461380057130636], [1500, 22.310691612784144], [2000, 22.23745264798174], [2500, 22.197345244601657], [3000, 22.158116181113446], [3500, 22.348669783431333], [4000, 22.291678640911925], [4500, 22.271273922103635], [5000, 22.247419865489913], [5500, 22.228001978762677], [6000, 22.21053399454967], [6500, 22.202670194724195], [7000, 22.190082561253114]]",4.306069181176648,40361,6.889710689883167e-06,20.01735746939573,0.8351596140861511,0.1477936851978302,0.0872009877273367,0.22983937093796103,0.022636697692703097,0.9934122424169692,0.11723041142866211,0.19087845576678777,0.030998920233877264,0.9955089420843902,0.032349842390199966,0.009590614269701533,0.020970228329950748,0.08168984296515625,1545,18913,77.50322222709656,2,0.016935250146915784,0.06334852687194205,0.08902332101681343,0.016976151144925556,1.0,,0.0003726890662663737,0.1802933225580867,0,3,,,
stage4_real,chair__init-depth__n_views-3__depth_model-depth_anything_v2__depth_align-gt__depth_kind-ssi__depth_lambda-0p1,blender,chair,3,depth,fps,2,white,depth_anything_v2,gt,0.0,0.0,1.0,0.0,0.0,0.0,ssi,0.1,7000,0,0,0.0,0.0,1.0,0.0,0.0,0.0,True,depth,20672,"[0, 32, 6]","[0, 8, 16, 24, 32, 40, 48, 56, 64, 72, 80, 88, 96, 104, 112, 120, 128, 136, 144, 152, 160, 168, 176, 184, 192]",3,25,75.24200773239136,"[[500, 21.74095965538291], [1000, 21.763047227548004], [1500, 21.613847586045132], [2000, 21.521052724495263], [2500, 21.47435167443173], [3000, 21.411930391517018], [3500, 21.32726400383845], [4000, 21.297881098740614], [4500, 21.35492606589345], [5000, 21.35630161633745], [5500, 21.33117390817132], [6000, 21.317685899246097], [6500, 21.30903820116079], [7000, 21.294230245451836]]",4.306069181176648,38926,6.889710689883167e-06,19.435550960598004,0.8283120894432068,0.1595782831311226,0.1333430999732854,0.346972893522113,0.034816133993027305,0.9786660424565611,0.15583964403720632,0.2241433137552662,0.0414181747011482,0.991432720890797,0.05296624804344505,0.011337168296025409,0.03215170816973523,0.09761604356198951,1470,15059,87.73922324180603,2,0.016935250146915784,0.06334852687194205,0.08902332101681343,0.016976151144925556,1.0,,0.0003726890662663737,0.1802933225580867,3,0,,,
stage4_real,chair__init-depth__n_views-3__depth_model-depth_anything_v2__depth_align-sfm__depth_kind-absolute__depth_lambda-0p1,blender,chair,3,depth,fps,2,white,depth_anything_v2,sfm,0.0,0.0,1.0,0.0,0.0,0.0,absolute,0.1,7000,0,0,0.0,0.0,1.0,0.0,0.0,0.0,True,depth,20672,"[0, 32, 6]","[0, 8, 16, 24, 32, 40, 48, 56, 64, 72, 80, 88, 96, 104, 112, 120, 128, 136, 144, 152, 160, 168, 176, 184, 192]",3,25,70.06724762916565,"[[500, 17.596739075404063], [1000, 16.798808711604895], [1500, 16.541523766302966], [2000, 16.41349596011137], [2500, 16.318501232049368], [3000, 16.242638732258737], [3500, 16.498735720130405], [4000, 16.432085614420732], [4500, 16.38064285087917], [5000, 16.36758966917177], [5500, 16.33505889495368], [6000, 16.306145613724564], [6500, 16.285134921295427], [7000, 16.26481525843033]]",4.306069181176648,118437,6.889710689883167e-06,14.006604818739204,0.6728324675559998,0.3811082082986832,0.8060022037663883,1.1530257030021074,0.21285761804989106,0.6823168085332507,0.23994570755151862,0.30246072628240844,0.06365156841309041,0.9846043896751682,0.878823556345117,0.038157145243334564,0.4584903507942258,0.9838843516617898,22528,22897,111.92359828948975,2,0.3168385201406125,1.2536773731798367,1.7455279790654021,0.028078933984899173,1.0,,0.0007161466669852573,0.04060138679803336,3,0,6.0,6,
stage4_real,chair__init-depth__n_views-3__depth_model-depth_anything_v2__depth_align-sfm__depth_kind-ssi__depth_lambda-0p0,blender,chair,3,depth,fps,2,white,depth_anything_v2,sfm,0.0,0.0,1.0,0.0,0.0,0.0,ssi,0.0,7000,0,0,0.0,0.0,1.0,0.0,0.0,0.0,True,depth,20672,"[0, 32, 6]","[0, 8, 16, 24, 32, 40, 48, 56, 64, 72, 80, 88, 96, 104, 112, 120, 128, 136, 144, 152, 160, 168, 176, 184, 192]",3,25,59.285478830337524,"[[500, 17.215827887057692], [1000, 16.968755897653175], [1500, 16.808667915483035], [2000, 16.743688775930632], [2500, 16.704866602733336], [3000, 16.68240524844979], [3500, 16.912511280987403], [4000, 16.877106908592015], [4500, 16.85557733501811], [5000, 16.846632961788725], [5500, 16.83163809347503], [6000, 16.823458112246602], [6500, 16.81320175407991], [7000, 16.797977605335785]]",4.306069181176648,59834,6.889710689883167e-06,13.566777995348886,0.6680440437793732,0.3755035305023193,0.6791537323255935,1.0753540292739887,0.17991782507399448,0.7688181417374829,0.24907790395241589,0.309059811849106,0.06615990108495978,0.9857819024573583,0.7072532828732789,0.03737626725250711,0.372314775062893,0.921446032342986,19601,21272,99.09402632713318,2,0.3168385201406125,1.2536773731798367,1.7455279790654021,0.028078933984899173,1.0,,0.0007161466669852573,0.04060138679803336,3,0,6.0,6,
stage4_real,chair__init-depth__n_views-3__depth_model-depth_anything_v2__depth_align-sfm__depth_kind-ssi__depth_lambda-0p1,blender,chair,3,depth,fps,2,white,depth_anything_v2,sfm,0.0,0.0,1.0,0.0,0.0,0.0,ssi,0.1,7000,0,0,0.0,0.0,1.0,0.0,0.0,0.0,True,depth,20672,"[0, 32, 6]","[0, 8, 16, 24, 32, 40, 48, 56, 64, 72, 80, 88, 96, 104, 112, 120, 128, 136, 144, 152, 160, 168, 176, 184, 192]",3,25,78.2825837135315,"[[500, 17.169790656839588], [1000, 16.76582818013269], [1500, 16.66456048143762], [2000, 16.633302385133007], [2500, 16.644037077746233], [3000, 16.631379109237876], [3500, 16.92151874166186], [4000, 16.903719150277208], [4500, 16.868738528748125], [5000, 16.87913297986566], [5500, 16.875535624142515], [6000, 16.871058018088426], [6500, 16.85661123677572], [7000, 16.8186393217475]]",4.306069181176648,98563,6.889710689883167e-06,14.18767257855623,0.673569974899292,0.37617321968078615,0.5890511679297812,0.8269128830319002,0.15696167027679536,0.7733155408120883,0.23158998430703343,0.2949799305855872,0.06151583028423951,0.9859038245172422,0.7379022780486986,0.03111097820273574,0.3845066281257172,0.9855085039916696,22714,23048,118.3171546459198,2,0.3168385201406125,1.2536773731798367,1.7455279790654021,0.028078933984899173,1.0,,0.0007161466669852573,0.04060138679803336,3,0,6.0,6,
stage4_real,chair__init-random__n_views-3__depth_model-depth_anything_v2__depth_align-gt__depth_kind-absolute__depth_lambda-0p1,blender,chair,3,random,fps,2,white,depth_anything_v2,gt,0.0,0.0,1.0,0.0,0.0,0.0,absolute,0.1,7000,0,0,0.0,0.0,1.0,0.0,0.0,0.0,True,random,100000,"[0, 32, 6]","[0, 8, 16, 24, 32, 40, 48, 56, 64, 72, 80, 88, 96, 104, 112, 120, 128, 136, 144, 152, 160, 168, 176, 184, 192]",3,25,63.632261991500854,"[[500, 21.372033893076516], [1000, 21.659180703019892], [1500, 21.735482619415485], [2000, 21.719325382397393], [2500, 21.66919111286871], [3000, 21.57952466793402], [3500, 21.76577919288607], [4000, 21.76094198947033], [4500, 21.74301526757667], [5000, 21.714494902075458], [5500, 21.690051197163196], [6000, 21.69274212424262], [6500, 21.680562751530495], [7000, 21.67236928424748]]",4.306069181176648,31382,6.889710689883167e-06,20.088545017707986,0.8174207854270935,0.20001528307795524,0.13330345905246632,0.354091061253217,0.034982749262099294,0.977342787568896,0.1536033295069944,0.2237558910161681,0.040616934539213695,0.9936255787244775,0.11292255563457138,0.009969859775743552,0.06144620770515746,0.184118291347207,1681,9130,77.7305977344513,2,0.016935250146915784,0.06334852687194205,0.08902332101681343,0.016976151144925556,1.0,,0.0003726890662663737,0.1802933225580867,3,0,,,
stage4_real,chair__init-random__n_views-3__depth_model-depth_anything_v2__depth_align-gt__depth_kind-ssi__depth_lambda-0p1,blender,chair,3,random,fps,2,white,depth_anything_v2,gt,0.0,0.0,1.0,0.0,0.0,0.0,ssi,0.1,7000,0,0,0.0,0.0,1.0,0.0,0.0,0.0,True,random,100000,"[0, 32, 6]","[0, 8, 16, 24, 32, 40, 48, 56, 64, 72, 80, 88, 96, 104, 112, 120, 128, 136, 144, 152, 160, 168, 176, 184, 192]",3,25,71.8822991847992,"[[500, 20.677497940777595], [1000, 20.73188862224412], [1500, 20.311337044348832], [2000, 20.162294257312567], [2500, 20.15296743697661], [3000, 20.07581850945811], [3500, 20.46313702492857], [4000, 20.46652006238939], [4500, 20.457511944291703], [5000, 20.424079933949585], [5500, 20.413951169684864], [6000, 20.386903344080345], [6500, 20.382690445348643], [7000, 20.35720538873064]]",4.306069181176648,32374,6.889710689883167e-06,16.65510647703473,0.751555507183075,0.3095755636692047,0.46422821269741626,0.6986066445039169,0.11905499809653979,0.7764060745570873,0.2288458624885887,0.2903393026817461,0.060277570778045374,0.9925676700943166,0.548556464091189,0.0179664059531064,0.2832614350221477,0.7634285714285715,7348,9625,176.61205172538757,2,0.016935250146915784,0.06334852687194205,0.08902332101681343,0.016976151144925556,1.0,,0.0003726890662663737,0.1802933225580867,3,0,,,
stage4_real,chair__init-random__n_views-3__depth_model-depth_anything_v2__depth_align-sfm__depth_kind-absolute__depth_lambda-0p1,blender,chair,3,random,fps,2,white,depth_anything_v2,sfm,0.0,0.0,1.0,0.0,0.0,0.0,absolute,0.1,7000,0,0,0.0,0.0,1.0,0.0,0.0,0.0,True,random,100000,"[0, 32, 6]","[0, 8, 16, 24, 32, 40, 48, 56, 64, 72, 80, 88, 96, 104, 112, 120, 128, 136, 144, 152, 160, 168, 176, 184, 192]",3,25,64.40415382385254,"[[500, 17.463110439997138], [1000, 16.608408864676527], [1500, 16.4919108562439], [2000, 16.379085292692775], [2500, 16.2499700333496], [3000, 16.234947783053485], [3500, 16.803185520654054], [4000, 16.81457253565964], [4500, 16.818906972224553], [5000, 16.82983682876021], [5500, 16.83134516306408], [6000, 16.79640111615742], [6500, 16.777559930937787], [7000, 16.735320180239178]]",4.306069181176648,62900,6.889710689883167e-06,14.299176628237438,0.6576167237758637,0.4040413498878479,0.9552282357678754,1.3831281868474607,0.2527794091768023,0.6089471417937543,0.2416588288901168,0.3025607064590501,0.06397296576663114,0.9877197714977284,0.9887857126314124,0.035014565279448386,0.5119001389554304,0.9959932686914016,12429,12479,106.96090340614319,2,0.3168385201406125,1.2536773731798367,1.7455279790654021,0.028078933984899173,1.0,,0.0007161466669852573,0.04060138679803336,3,0,6.0,6,
stage4_real,chair__init-random__n_views-3__depth_model-depth_anything_v2__depth_align-sfm__depth_kind-ssi__depth_lambda-0p1,blender,chair,3,random,fps,2,white,depth_anything_v2,sfm,0.0,0.0,1.0,0.0,0.0,0.0,ssi,0.1,7000,0,0,0.0,0.0,1.0,0.0,0.0,0.0,True,random,100000,"[0, 32, 6]","[0, 8, 16, 24, 32, 40, 48, 56, 64, 72, 80, 88, 96, 104, 112, 120, 128, 136, 144, 152, 160, 168, 176, 184, 192]",3,25,76.4849545955658,"[[500, 17.509502884467746], [1000, 18.559785895541193], [1500, 18.122133983479593], [2000, 17.968928470951024], [2500, 17.88028780005247], [3000, 17.85069513763713], [3500, 18.0704670720438], [4000, 18.01689974497955], [4500, 17.947660675298813], [5000, 17.998200881889773], [5500, 17.983570493580462], [6000, 17.986923914660323], [6500, 17.971189941464868], [7000, 17.970282721893394]]",4.306069181176648,51051,6.889710689883167e-06,16.45373800329045,0.7506449723243713,0.3170148956775665,0.40736942612767635,0.5662678449222706,0.10627064688619575,0.8527610649656094,0.22040211639514748,0.2808935875409123,0.05825088292408565,0.9902773624622335,0.4061328382830401,0.021113307602056052,0.21362307294254806,0.5458385093167701,6591,12075,126.13742804527283,2,0.3168385201406125,1.2536773731798367,1.7455279790654021,0.028078933984899173,1.0,,0.0007161466669852573,0.04060138679803336,3,0,6.0,6,
stage4_real,lego__init-depth__n_views-3__depth_model-depth_anything_v2__depth_align-gt__depth_kind-absolute__depth_lambda-0p1,blender,lego,3,depth,fps,2,white,depth_anything_v2,gt,0.0,0.0,1.0,0.0,0.0,0.0,absolute,0.1,7000,0,0,0.0,0.0,1.0,0.0,0.0,0.0,True,depth,28481,"[0, 89, 32]","[0, 8, 16, 24, 32, 40, 48, 56, 64, 72, 80, 88, 96, 104, 112, 120, 128, 136, 144, 152, 160, 168, 176, 184, 192]",3,25,66.63967514038086,"[[500, 17.036469750119384], [1000, 17.340818643964646], [1500, 17.18944660762813], [2000, 17.09811529599429], [2500, 17.04682863359643], [3000, 17.018458657585278], [3500, 17.11424579894394], [4000, 17.056187841586947], [4500, 17.01806841788357], [5000, 16.992508123713343], [5500, 16.969669048290157], [6000, 16.950639974776795], [6500, 16.9365609334553], [7000, 16.905190298425296]]",4.5367010562599654,56526,7.258721690016551e-06,16.97742387874233,0.7436363220214843,0.2189386183023453,0.09526000738671656,0.26527218660972895,0.025988458940982215,0.9917199132754514,0.12809050375027908,0.2128039637213395,0.034819144185090495,0.9925355133762322,0.028554209303155647,0.011955544166020658,0.020254876734588152,0.0582733181099596,1327,22772,77.07554364204407,2,0.018977358344277773,0.0709570177753235,0.10600952328395717,0.01900224244479845,1.0,,0.0005453588009054576,0.1806180489326156,3,0,,,
stage4_real,lego__init-depth__n_views-3__depth_model-depth_anything_v2__depth_align-gt__depth_kind-ssi__depth_lambda-0p0,blender,lego,3,depth,fps,2,white,depth_anything_v2,gt,0.0,0.0,1.0,0.0,0.0,0.0,ssi,0.0,7000,0,0,0.0,0.0,1.0,0.0,0.0,0.0,True,depth,28481,"[0, 89, 32]","[0, 8, 16, 24, 32, 40, 48, 56, 64, 72, 80, 88, 96, 104, 112, 120, 128, 136, 144, 152, 160, 168, 176, 184, 192]",3,25,66.86680555343628,"[[500, 17.04934607889144], [1000, 17.43738707825932], [1500, 17.2702146212736], [2000, 17.210573185162062], [2500, 17.18586579489536], [3000, 17.17071350758851], [3500, 17.384410036227028], [4000, 17.350951725182185], [4500, 17.338689178075306], [5000, 17.32230537118893], [5500, 17.31111664218577], [6000, 17.305533088799155], [6500, 17.299488218454886], [7000, 17.29773255762536]]",4.5367010562599654,58153,7.258721690016551e-06,17.63214049146854,0.755257134437561,0.2067178753018379,0.08281940383524407,0.23001758727809946,0.022674523178304252,0.9932911007769792,0.11280955717294892,0.19394773304618393,0.03077436751530868,0.9937509904273863,0.022832499815533352,0.010491782053210956,0.016662140934372155,0.05520725110163723,1541,27913,90.34878492355347,2,0.018977358344277773,0.0709570177753235,0.10600952328395717,0.01900224244479845,1.0,,0.0005453588009054576,0.1806180489326156,0,3,,,
stage4_real,lego__init-depth__n_views-3__depth_model-depth_anything_v2__depth_align-gt__depth_kind-ssi__depth_lambda-0p1,blender,lego,3,depth,fps,2,white,depth_anything_v2,gt,0.0,0.0,1.0,0.0,0.0,0.0,ssi,0.1,7000,0,0,0.0,0.0,1.0,0.0,0.0,0.0,True,depth,28481,"[0, 89, 32]","[0, 8, 16, 24, 32, 40, 48, 56, 64, 72, 80, 88, 96, 104, 112, 120, 128, 136, 144, 152, 160, 168, 176, 184, 192]",3,25,77.02835845947266,"[[500, 16.981559569811882], [1000, 17.302405557842093], [1500, 17.128440165388582], [2000, 16.926642163525443], [2500, 16.826880452556974], [3000, 16.76255022744223], [3500, 16.946066485422314], [4000, 16.85840108211898], [4500, 16.815473158097593], [5000, 16.769407998942587], [5500, 16.74317919288057], [6000, 16.708138040025876], [6500, 16.678021832036237], [7000, 16.655638939276958]]",4.5367010562599654,56274,7.258721690016551e-06,16.880801271008153,0.7435056233406067,0.22582030892372132,0.08766425489436043,0.230179032531495,0.023847779500882592,0.9924844990727071,0.1151786793761496,0.1954700128349945,0.03132298931392258,0.9935328800219422,0.029942235990447662,0.011686401842568335,0.020814318916508,0.068451209377597,1565,22863,87.60357069969177,2,0.018977358344277773,0.0709570177753235,0.10600952328395717,0.01900224244479845,1.0,,0.0005453588009054576,0.1806180489326156,3,0,,,
stage4_real,lego__init-depth__n_views-3__depth_model-depth_anything_v2__depth_align-sfm__depth_kind-absolute__depth_lambda-0p1,blender,lego,3,depth,fps,2,white,depth_anything_v2,sfm,0.0,0.0,1.0,0.0,0.0,0.0,absolute,0.1,7000,0,0,0.0,0.0,1.0,0.0,0.0,0.0,True,depth,28480,"[0, 89, 32]","[0, 8, 16, 24, 32, 40, 48, 56, 64, 72, 80, 88, 96, 104, 112, 120, 128, 136, 144, 152, 160, 168, 176, 184, 192]",3,25,73.24387216567993,"[[500, 12.484852920627151], [1000, 11.34835618710262], [1500, 11.07081240614842], [2000, 11.021184372624372], [2500, 10.984600383524462], [3000, 10.950921147520418], [3500, 11.23078261157601], [4000, 11.075874211701935], [4500, 10.998990754032079], [5000, 10.976652961494208], [5500, 10.91976591892479], [6000, 10.889467223293865], [6500, 10.88791174290899], [7000, 10.881031907378967]]",4.5367010562599654,103490,7.258721690016551e-06,12.192922294874728,0.6394935536384583,0.37654833555221556,0.5667802141000766,1.0039160364034887,0.15639470032227729,0.8336015957055755,0.2725801804146208,0.35185898417476735,0.07409132241505828,0.9720455886098003,0.440395968485504,0.033836596643798435,0.23711628256465123,0.5356831358062696,10441,19491,92.24076175689697,2,0.17810022416433702,0.6611476141265377,2.362878984164517,0.04121757433414113,0.9999901126172891,,0.0004934285062583925,0.151812249206582,3,0,7.333333333333333,6,
stage4_real,lego__init-depth__n_views-3__depth_model-depth_anything_v2__depth_align-sfm__depth_kind-ssi__depth_lambda-0p0,blender,lego,3,depth,fps,2,white,depth_anything_v2,sfm,0.0,0.0,1.0,0.0,0.0,0.0,ssi,0.0,7000,0,0,0.0,0.0,1.0,0.0,0.0,0.0,True,depth,28480,"[0, 89, 32]","[0, 8, 16, 24, 32, 40, 48, 56, 64, 72, 80, 88, 96, 104, 112, 120, 128, 136, 144, 152, 160, 168, 176, 184, 192]",3,25,63.281798362731934,"[[500, 12.570512646114743], [1000, 12.899100576706632], [1500, 12.831851506760593], [2000, 12.798465436836203], [2500, 12.80423957917704], [3000, 12.802546892492268], [3500, 13.106090976710476], [4000, 13.091772067769469], [4500, 13.073251107358375], [5000, 13.063111968862826], [5500, 13.052723346520342], [6000, 13.041622965726658], [6500, 13.030886784686329], [7000, 13.02455952355719]]",4.5367010562599654,61223,7.258721690016551e-06,13.403029728159401,0.6535775256156922,0.3355992543697357,0.4358827395457736,0.9594868384385244,0.12010308922661107,0.8968769199944419,0.2669363794477707,0.34282678009249146,0.07267063804645896,0.9788795593909783,0.18372864679316622,0.02886654036028783,0.10629759357672702,0.35849563981406785,9332,26031,77.12769818305969,2,0.17810022416433702,0.6611476141265377,2.362878984164517,0.04121757433414113,0.9999901126172891,,0.0004934285062583925,0.151812249206582,3,0,7.333333333333333,6,
stage4_real,lego__init-depth__n_views-3__depth_model-depth_anything_v2__depth_align-sfm__depth_kind-ssi__depth_lambda-0p1,blender,lego,3,depth,fps,2,white,depth_anything_v2,sfm,0.0,0.0,1.0,0.0,0.0,0.0,ssi,0.1,7000,0,0,0.0,0.0,1.0,0.0,0.0,0.0,True,depth,28480,"[0, 89, 32]","[0, 8, 16, 24, 32, 40, 48, 56, 64, 72, 80, 88, 96, 104, 112, 120, 128, 136, 144, 152, 160, 168, 176, 184, 192]",3,25,85.66883683204651,"[[500, 11.514633725204774], [1000, 11.178942757653365], [1500, 10.777768627434032], [2000, 10.687416009267299], [2500, 10.695528352925837], [3000, 10.689879217438293], [3500, 12.20557638944769], [4000, 12.274710761420806], [4500, 12.294591182469043], [5000, 12.335647883310235], [5500, 12.350920716640735], [6000, 12.37167480777915], [6500, 12.384105743942037], [7000, 12.397928019210038]]",4.5367010562599654,112967,7.258721690016551e-06,13.273422895908281,0.6298445224761963,0.36279273092746733,0.29750687447938234,0.6320490873396181,0.08133053409556609,0.9333112948637478,0.24015161114365274,0.3164986746034254,0.06539635970419656,0.9817674991656657,0.25497558953631594,0.01784165325660899,0.13640862139646245,0.3921421044708716,7815,19929,99.876549243927,2,0.17810022416433702,0.6611476141265377,2.362878984164517,0.04121757433414113,0.9999901126172891,,0.0004934285062583925,0.151812249206582,3,0,7.333333333333333,6,
stage4_real,lego__init-random__n_views-3__depth_model-depth_anything_v2__depth_align-gt__depth_kind-absolute__depth_lambda-0p1,blender,lego,3,random,fps,2,white,depth_anything_v2,gt,0.0,0.0,1.0,0.0,0.0,0.0,absolute,0.1,7000,0,0,0.0,0.0,1.0,0.0,0.0,0.0,True,random,100000,"[0, 89, 32]","[0, 8, 16, 24, 32, 40, 48, 56, 64, 72, 80, 88, 96, 104, 112, 120, 128, 136, 144, 152, 160, 168, 176, 184, 192]",3,25,64.25994086265564,"[[500, 17.14127955598064], [1000, 17.08415808875791], [1500, 16.844088567334055], [2000, 16.723222912583086], [2500, 16.631185789209862], [3000, 16.56475210024507], [3500, 16.779241322078025], [4000, 16.74582317229032], [4500, 16.710522795399932], [5000, 16.681595291136404], [5500, 16.668944073166927], [6000, 16.656226588948794], [6500, 16.65048901991675], [7000, 16.628431706045614]]",4.5367010562599654,45880,7.258721690016551e-06,16.92693881351482,0.7167303586006164,0.2654522669315338,0.08115769202058055,0.17543135909267463,0.022140796038351306,0.995052975106942,0.09281014570698043,0.1615275282753903,0.02535235991779695,0.9959610366365016,0.03944760976164357,0.011734051322738867,0.025590830542191217,0.12025707576319367,1946,16182,74.79897499084473,2,0.018977358344277773,0.0709570177753235,0.10600952328395717,0.01900224244479845,1.0,,0.0005453588009054576,0.1806180489326156,3,0,,,
stage4_real,lego__init-random__n_views-3__depth_model-depth_anything_v2__depth_align-gt__depth_kind-ssi__depth_lambda-0p1,blender,lego,3,random,fps,2,white,depth_anything_v2,gt,0.0,0.0,1.0,0.0,0.0,0.0,ssi,0.1,7000,0,0,0.0,0.0,1.0,0.0,0.0,0.0,True,random,100000,"[0, 89, 32]","[0, 8, 16, 24, 32, 40, 48, 56, 64, 72, 80, 88, 96, 104, 112, 120, 128, 136, 144, 152, 160, 168, 176, 184, 192]",3,25,75.04751634597778,"[[500, 15.234996534671241], [1000, 15.811755782745779], [1500, 15.226146924144242], [2000, 14.994150082491803], [2500, 14.896736399595257], [3000, 14.817687452228622], [3500, 15.157449290024903], [4000, 15.080969819149786], [4500, 15.04016476365573], [5000, 14.978596933741338], [5500, 14.940643006595899], [6000, 14.932382184283632], [6500, 14.920985928046713], [7000, 14.910358637458994]]",4.5367010562599654,45096,7.258721690016551e-06,15.975103118652473,0.7004188990592957,0.2855452221632004,0.10468028525129106,0.206255582034739,0.027802831342319072,0.9856182378321658,0.11679963987425453,0.19030298297341372,0.03163919302513359,0.9918665298452303,0.0693378055445412,0.012130966841105536,0.04073438619282337,0.1736806116740225,2794,16087,87.32167792320251,2,0.018977358344277773,0.0709570177753235,0.10600952328395717,0.01900224244479845,1.0,,0.0005453588009054576,0.1806180489326156,3,0,,,
stage4_real,lego__init-random__n_views-3__depth_model-depth_anything_v2__depth_align-sfm__depth_kind-absolute__depth_lambda-0p1,blender,lego,3,random,fps,2,white,depth_anything_v2,sfm,0.0,0.0,1.0,0.0,0.0,0.0,absolute,0.1,7000,0,0,0.0,0.0,1.0,0.0,0.0,0.0,True,random,100000,"[0, 89, 32]","[0, 8, 16, 24, 32, 40, 48, 56, 64, 72, 80, 88, 96, 104, 112, 120, 128, 136, 144, 152, 160, 168, 176, 184, 192]",3,25,67.8658013343811,"[[500, 13.772101066945469], [1000, 12.718655563165541], [1500, 11.884262003470447], [2000, 11.456954519550944], [2500, 10.99499707446694], [3000, 10.689457037671536], [3500, 10.70531904714049], [4000, 9.251200125876393], [4500, 9.20568637971602], [5000, 9.154556895867968], [5500, 9.179007196232874], [6000, 9.15486081661143], [6500, 9.119441155169142], [7000, 8.953366870695415]]",4.5367010562599654,72225,7.258721690016551e-06,12.07126523210722,0.6366400599479676,0.4082056260108948,0.6006726447554205,0.8013374306361014,0.16286042551391122,0.7024384036733015,0.25339974503459056,0.3276936626951137,0.0691091410139756,0.9797364716331299,0.723867432209625,0.021349443263604825,0.3726084377366149,0.5477216466489411,5974,10907,96.81374430656433,2,0.17810022416433702,0.6611476141265377,2.362878984164517,0.04121757433414113,0.9999901126172891,,0.0004934285062583925,0.151812249206582,3,0,7.333333333333333,6,
stage4_real,lego__init-random__n_views-3__depth_model-depth_anything_v2__depth_align-sfm__depth_kind-ssi__depth_lambda-0p1,blender,lego,3,random,fps,2,white,depth_anything_v2,sfm,0.0,0.0,1.0,0.0,0.0,0.0,ssi,0.1,7000,0,0,0.0,0.0,1.0,0.0,0.0,0.0,True,random,100000,"[0, 89, 32]","[0, 8, 16, 24, 32, 40, 48, 56, 64, 72, 80, 88, 96, 104, 112, 120, 128, 136, 144, 152, 160, 168, 176, 184, 192]",3,25,78.41505908966064,"[[500, 15.032444559489834], [1000, 13.27806716031867], [1500, 12.750178956071942], [2000, 12.508423589165478], [2500, 12.391411751186737], [3000, 12.333999415151652], [3500, 12.354887937334093], [4000, 12.327639203101857], [4500, 12.304659520841032], [5000, 12.29536351496673], [5500, 12.283099474251223], [6000, 12.24436194443901], [6500, 12.240644978400903], [7000, 12.224879958791055]]",4.5367010562599654,62329,7.258721690016551e-06,14.138789636842308,0.6548758101463318,0.34685625433921813,0.18492610782230007,0.29347421267360885,0.050033069652689964,0.9504408497853578,0.1569481592928516,0.22434531588129833,0.04276722719859397,0.988262195041464,0.1807868718352339,0.01691727661836544,0.09885207422679967,0.3266463913908059,5585,17098,95.21599888801575,2,0.17810022416433702,0.6611476141265377,2.362878984164517,0.04121757433414113,0.9999901126172891,,0.0004934285062583925,0.151812249206582,3,0,7.333333333333333,6,
stage5_dtu_base,scan1__dataset-dtu__init-random__n_views-3__depth_lambda-0p0__background-black__downscale-1,dtu,scan1,3,random,fps,1,black,gt,gt,0.0,0.0,1.0,0.0,0.0,0.0,ssi,0.0,7000,0,0,0.0,0.0,1.0,0.0,0.0,0.0,False,random,100000,"[25, 22, 28]","[1, 2, 9, 10, 11, 12, 14, 15, 23, 24, 26, 27, 29, 30, 31, 32, 33, 34, 35, 41, 42, 43, 45, 46, 47]",3,25,59.19678235054016,"[[500, 9.609755146770418], [1000, 9.714723696064365], [1500, 9.708141286372852], [2000, 9.695319713156046], [2500, 9.689206188783775], [3000, 9.688371342473522], [3500, 9.063252139838326], [4000, 9.027964686404104], [4500, 9.016221171564244], [5000, 9.00394960755378], [5500, 9.000200996286745], [6000, 9.002284814872501], [6500, 9.001140840894926], [7000, 8.978146188029907]]",1.5843115400008103,222805,2.5348984640015035e-06,8.300978466347875,0.21040543794631958,0.7010258674621582,0.6035114991780297,0.710214764723165,0.24559889717949537,0.5064244311291115,0.15596784967710955,0.20824906954538136,0.061292867330768226,0.9793835585959385,8.432829723027108,1.9411547552188135,5.186992239122961,0.871841258355074,45783,52513,1322.7975368499756,1,,,,,,,,,,,,,507589
stage5_dtu_base,scan1__dataset-dtu__init-random__n_views-9__depth_lambda-0p0__background-black__downscale-1,dtu,scan1,9,random,fps,1,black,gt,gt,0.0,0.0,1.0,0.0,0.0,0.0,ssi,0.0,7000,0,0,0.0,0.0,1.0,0.0,0.0,0.0,False,random,100000,"[25, 22, 28, 40, 44, 48, 0, 8, 13]","[1, 2, 9, 10, 11, 12, 14, 15, 23, 24, 26, 27, 29, 30, 31, 32, 33, 34, 35, 41, 42, 43, 45, 46, 47]",9,25,61.626975536346436,"[[500, 10.063906880150945], [1000, 8.860093067928933], [1500, 8.406682378386105], [2000, 8.123869236957761], [2500, 7.945626916807575], [3000, 7.734448668810332], [3500, 8.277330055299537], [4000, 8.239499745379916], [4500, 8.20702695035342], [5000, 8.189606544222816], [5500, 8.19424298420934], [6000, 8.145931604996118], [6500, 8.13944035804019], [7000, 8.120633342433758]]",2.307746334078205,354966,3.692394134525413e-06,9.437284473335438,0.3872648191452026,0.6205541753768921,0.6283624306972265,0.7813222950089487,0.2516899312655052,0.5193989087282639,0.15187995188172662,0.19985556443076746,0.059781576750691505,0.9858739210846834,8.256365181640987,1.8218214109900182,5.039093296315503,0.8023326834081139,68309,85138,1031.178233385086,1,,,,,,,,,,,,,516434
stage5_dtu_base,scan1__dataset-dtu__init-sfm__n_views-3__depth_lambda-0p0__background-black__downscale-1,dtu,scan1,3,sfm,fps,1,black,gt,gt,0.0,0.0,1.0,0.0,0.0,0.0,ssi,0.0,7000,0,0,0.0,0.0,1.0,0.0,0.0,0.0,False,sfm,121,"[25, 22, 28]","[1, 2, 9, 10, 11, 12, 14, 15, 23, 24, 26, 27, 29, 30, 31, 32, 33, 34, 35, 41, 42, 43, 45, 46, 47]",3,25,54.467947483062744,"[[500, 10.202612885809426], [1000, 10.836087487199505], [1500, 10.338763822769263], [2000, 9.975529591528119], [2500, 9.899987978282603], [3000, 9.906807291670427], [3500, 10.380380456793615], [4000, 10.313054188390536], [4500, 10.310572927460786], [5000, 10.27201820334551], [5500, 10.259346505748155], [6000, 10.235254044542959], [6500, 10.217334769316619], [7000, 10.203617534897116]]",1.5843115400008103,81654,2.5348984640015035e-06,10.20349804848162,0.4348891568183899,0.5196045327186585,0.16351516979218808,0.28611116507144024,0.06266623956533811,0.9168156442323522,0.1373071180303804,0.18606636738577859,0.053894518443667966,0.9847357736206807,5.601883185566436,1.143087378712963,3.3724852821396993,0.42085086489013557,13503,32085,1342.1860320568085,1,,,,,,121,,,,,,,1494445
stage5_dtu_base,scan1__dataset-dtu__init-sfm__n_views-9__depth_lambda-0p0__background-black__downscale-1,dtu,scan1,9,sfm,fps,1,black,gt,gt,0.0,0.0,1.0,0.0,0.0,0.0,ssi,0.0,7000,0,0,0.0,0.0,1.0,0.0,0.0,0.0,False,sfm,1389,"[25, 22, 28, 40, 44, 48, 0, 8, 13]","[1, 2, 9, 10, 11, 12, 14, 15, 23, 24, 26, 27, 29, 30, 31, 32, 33, 34, 35, 41, 42, 43, 45, 46, 47]",9,25,60.89476299285889,"[[500, 15.823413135691652], [1000, 19.6159166989343], [1500, 21.40072132032721], [2000, 21.463974405832158], [2500, 21.55349523273832], [3000, 21.591872197769096], [3500, 21.539142441789338], [4000, 21.55721611181316], [4500, 21.58022878290689], [5000, 21.63258778953298], [5500, 21.627220562467087], [6000, 21.644059450943214], [6500, 21.63869683514428], [7000, 21.656722915105068]]",2.307746334078205,151387,3.692394134525413e-06,17.912936409005667,0.7907240915298462,0.252790829539299,0.08425822581510735,0.1786908996303718,0.03376326908674239,0.9645129715492433,0.06877796911137382,0.10740399802493546,0.0269435966041436,0.9974536963545259,2.8080326639397497,0.8281223026800264,1.818077483309888,0.27525689286804356,10822,39316,240.78092885017395,1,,,,,,1389,,,,,,,1272930
stage5_dtu_base,scan6__dataset-dtu__init-random__n_views-3__depth_lambda-0p0__background-black__downscale-1,dtu,scan6,3,random,fps,1,black,gt,gt,0.0,0.0,1.0,0.0,0.0,0.0,ssi,0.0,7000,0,0,0.0,0.0,1.0,0.0,0.0,0.0,False,random,100000,"[25, 22, 28]","[1, 2, 9, 10, 11, 12, 14, 15, 23, 24, 26, 27, 29, 30, 31, 32, 33, 34, 35, 41, 42, 43, 45, 46, 47]",3,25,60.238440990448,"[[500, 10.269993148345243], [1000, 10.27908588925768], [1500, 10.270027609684544], [2000, 10.261196516579822], [2500, 10.259242440753113], [3000, 10.248907524883236], [3500, 10.502886572555964], [4000, 10.458476818370908], [4500, 10.443198912762188], [5000, 10.428361024714269], [5500, 10.41845720695875], [6000, 10.410362770110845], [6500, 10.40002607290033], [7000, 10.390965096721377]]",1.5928040760982867,280992,2.5484865217574537e-06,9.235576681214086,0.16866441637277604,0.7069240784645081,0.6554578038703882,0.7754528426116614,0.25049271743286594,0.49765678570079236,0.20060985895788136,0.26805738440581045,0.0740721535019743,0.9489125058012609,8.00011428296106,1.6661730593602821,4.833143671160672,0.9307815529887867,77280,83027,839.7916808128357,1,,,,,,,,,,,,,475379
stage5_dtu_base,scan6__dataset-dtu__init-random__n_views-9__depth_lambda-0p0__background-black__downscale-1,dtu,scan6,9,random,fps,1,black,gt,gt,0.0,0.0,1.0,0.0,0.0,0.0,ssi,0.0,7000,0,0,0.0,0.0,1.0,0.0,0.0,0.0,False,random,100000,"[25, 22, 28, 40, 44, 48, 0, 8, 13]","[1, 2, 9, 10, 11, 12, 14, 15, 23, 24, 26, 27, 29, 30, 31, 32, 33, 34, 35, 41, 42, 43, 45, 46, 47]",9,25,63.94707012176514,"[[500, 10.374504311700502], [1000, 8.970140003308572], [1500, 8.55014706438779], [2000, 8.261555600427586], [2500, 8.125250768516253], [3000, 8.018919986217316], [3500, 8.813111703176567], [4000, 8.771266899936943], [4500, 8.754818832787965], [5000, 8.709590150914497], [5500, 8.671683626406786], [6000, 8.641472845861275], [6500, 8.646410355712518], [7000, 8.637077285409397]]",2.3201167666296003,427876,3.7121868266076327e-06,9.953303339372052,0.36790473937988283,0.5892569899559021,0.7639952082241009,0.9359336511129109,0.2900189577797912,0.4327803231155903,0.19438593915211538,0.26146897947321845,0.07202358781718102,0.9575378359998552,8.812338141170299,2.095911341939947,5.454124741555123,0.8293673924224242,96754,116660,850.2233738899231,1,,,,,,,,,,,,,565339
stage5_dtu_base,scan6__dataset-dtu__init-sfm__n_views-3__depth_lambda-0p0__background-black__downscale-1,dtu,scan6,3,sfm,fps,1,black,gt,gt,0.0,0.0,1.0,0.0,0.0,0.0,ssi,0.0,7000,0,0,0.0,0.0,1.0,0.0,0.0,0.0,False,sfm,116,"[25, 22, 28]","[1, 2, 9, 10, 11, 12, 14, 15, 23, 24, 26, 27, 29, 30, 31, 32, 33, 34, 35, 41, 42, 43, 45, 46, 47]",3,25,55.82788443565369,"[[500, 10.50715769101826], [1000, 10.628004444410882], [1500, 12.319469679654548], [2000, 11.817321721465264], [2500, 11.584813926134746], [3000, 11.682241088587826], [3500, 11.910114051753132], [4000, 11.873738939890849], [4500, 11.859158606486497], [5000, 11.871608257197051], [5500, 11.890369866274463], [6000, 12.016480079874794], [6500, 12.136323162133145], [7000, 12.129983492927689]]",1.5928040760982867,109222,2.5484865217574537e-06,11.715559850479591,0.4206951451301575,0.4976180684566498,0.15394288357417735,0.28523963509602107,0.05335424088513169,0.9364353840324416,0.1444570930618759,0.22277433491345186,0.05150694533359802,0.9660438799284424,6.041653456839793,0.9928834342630363,3.5172684455514145,0.37870048929830796,13854,36583,611.4303078651428,1,,,,,,116,,,,,,,1436629
stage5_dtu_base,scan6__dataset-dtu__init-sfm__n_views-9__depth_lambda-0p0__background-black__downscale-1,dtu,scan6,9,sfm,fps,1,black,gt,gt,0.0,0.0,1.0,0.0,0.0,0.0,ssi,0.0,7000,0,0,0.0,0.0,1.0,0.0,0.0,0.0,False,sfm,1891,"[25, 22, 28, 40, 44, 48, 0, 8, 13]","[1, 2, 9, 10, 11, 12, 14, 15, 23, 24, 26, 27, 29, 30, 31, 32, 33, 34, 35, 41, 42, 43, 45, 46, 47]",9,25,64.51439428329468,"[[500, 17.727082133192642], [1000, 20.787764634519604], [1500, 22.31809091902654], [2000, 22.49060561778832], [2500, 22.581005689609576], [3000, 22.513800953870376], [3500, 22.73229594261839], [4000, 22.77199696051519], [4500, 22.721432648496915], [5000, 22.719382940707405], [5500, 22.620438692698436], [6000, 22.57908773355149], [6500, 22.548061430345875], [7000, 22.52616407236572]]",2.3201167666296003,190926,3.7121868266076327e-06,19.813572028774487,0.8358006691932678,0.1835695880651474,0.07353642785447075,0.17518811655653077,0.02496484911883387,0.976637373300099,0.08551490074676969,0.1465682505779246,0.030035990617636902,0.9917216398285027,2.3202536802579323,0.5990272736934842,1.4596404769757083,0.1915961049957663,9051,47240,247.95718383789062,1,,,,,,1891,,,,,,,1418641
stage5_dtu_oracle,scan1__dataset-dtu__init-depth__n_views-3__depth_kind-ssi__depth_lambda-0p0__background-black__downscale-1,dtu,scan1,3,depth,fps,1,black,gt,gt,0.0,0.0,1.0,0.0,0.0,0.0,ssi,0.0,7000,0,0,0.0,0.0,1.0,0.0,0.0,0.0,True,depth,50105,"[25, 22, 28]","[1, 2, 9, 10, 11, 12, 14, 15, 23, 24, 26, 27, 29, 30, 31, 32, 33, 34, 35, 41, 42, 43, 45, 46, 47]",3,25,59.061179637908936,"[[500, 9.978293566580314], [1000, 10.970521325614303], [1500, 11.360788843068537], [2000, 11.020535327557125], [2500, 10.867971073637676], [3000, 10.742352483946743], [3500, 10.553393513050894], [4000, 10.499908246460427], [4500, 10.48146421964895], [5000, 10.449465029606953], [5500, 10.423506547585744], [6000, 10.387185367637883], [6500, 10.360383902684886], [7000, 10.330930386812778]]",1.5843115400008103,158741,2.5348984640015035e-06,11.268819196104237,0.5806318807601929,0.37038653016090395,0.031213700564072768,0.08360646016473777,0.011518540164189496,0.9915894914323848,0.03880286309391189,0.07725068267195148,0.014876347544568949,0.9936874209933932,2.031573805018113,0.5950997038418099,1.3133367544299615,0.12247416043775258,6849,55922,70.07500743865967,1,0.0,0.0,0.0,4.891416558170028e-16,1.0,,,,,,,,1762705
stage5_dtu_oracle,scan1__dataset-dtu__init-depth__n_views-3__depth_kind-ssi__depth_lambda-0p1__background-black__downscale-1,dtu,scan1,3,depth,fps,1,black,gt,gt,0.0,0.0,1.0,0.0,0.0,0.0,ssi,0.1,7000,0,0,0.0,0.0,1.0,0.0,0.0,0.0,True,depth,50105,"[25, 22, 28]","[1, 2, 9, 10, 11, 12, 14, 15, 23, 24, 26, 27, 29, 30, 31, 32, 33, 34, 35, 41, 42, 43, 45, 46, 47]",3,25,73.32025218009949,"[[500, 9.930855862235102], [1000, 10.356057284946719], [1500, 10.010014630067607], [2000, 10.075480531391905], [2500, 10.181993318654015], [3000, 10.308821440143035], [3500, 9.97689113882596], [4000, 9.979579556048002], [4500, 9.962966652161354], [5000, 9.951369255357633], [5500, 9.928860946252849], [6000, 9.91716676321688], [6500, 9.915669184808296], [7000, 9.917514422710346]]",1.5843115400008103,162623,2.5348984640015035e-06,10.8832056315094,0.5928645372390747,0.3568942260742187,0.026279892115130394,0.08562962170911621,0.009551548281084777,0.9879626049963681,0.036448389833249134,0.07325876186555767,0.013988702413784346,0.9938460171729343,1.3046922823870954,0.42667868010467797,0.8656854812458867,0.13064295485636115,7258,55556,84.20274591445923,1,0.0,0.0,0.0,4.891416558170028e-16,1.0,,,,,,,,1734985
stage5_dtu_oracle,scan1__dataset-dtu__init-depth__n_views-9__depth_kind-ssi__depth_lambda-0p0__background-black__downscale-1,dtu,scan1,9,depth,fps,1,black,gt,gt,0.0,0.0,1.0,0.0,0.0,0.0,ssi,0.0,7000,0,0,0.0,0.0,1.0,0.0,0.0,0.0,True,depth,149983,"[25, 22, 28, 40, 44, 48, 0, 8, 13]","[1, 2, 9, 10, 11, 12, 14, 15, 23, 24, 26, 27, 29, 30, 31, 32, 33, 34, 35, 41, 42, 43, 45, 46, 47]",9,25,70.78923439979553,"[[500, 14.551568827494073], [1000, 17.822441062761285], [1500, 19.559123846365985], [2000, 19.807508848650237], [2500, 20.05436877941102], [3000, 20.13377382399971], [3500, 20.531786690501416], [4000, 20.539006886634816], [4500, 20.522541570181225], [5000, 20.55114528598296], [5500, 20.534877899007924], [6000, 20.554574269707267], [6500, 20.55402421326227], [7000, 20.580754866414633]]",2.307746334078205,310724,3.692394134525413e-06,16.968395252297952,0.8002335238456726,0.2241471791267395,0.018555461480070666,0.04527940405608592,0.007146648579513975,0.9996838145421543,0.019242676618773647,0.04311249258658592,0.007337355898302521,0.999744521302571,1.511159383543784,0.5535123151501111,1.0323358493469477,0.14562446009266772,11126,76402,80.44623851776123,1,0.0,0.0,0.0,2.4776975811201286e-16,1.0,,,,,,,,1582389
stage5_dtu_oracle,scan1__dataset-dtu__init-depth__n_views-9__depth_kind-ssi__depth_lambda-0p1__background-black__downscale-1,dtu,scan1,9,depth,fps,1,black,gt,gt,0.0,0.0,1.0,0.0,0.0,0.0,ssi,0.1,7000,0,0,0.0,0.0,1.0,0.0,0.0,0.0,True,depth,149983,"[25, 22, 28, 40, 44, 48, 0, 8, 13]","[1, 2, 9, 10, 11, 12, 14, 15, 23, 24, 26, 27, 29, 30, 31, 32, 33, 34, 35, 41, 42, 43, 45, 46, 47]",9,25,85.5738434791565,"[[500, 14.533876098499231], [1000, 18.50056584467559], [1500, 19.85524055807361], [2000, 20.069984325747193], [2500, 20.277040738386514], [3000, 20.3340352954675], [3500, 20.682473876405105], [4000, 20.641305360848165], [4500, 20.42764387574403], [5000, 20.520546880802733], [5500, 20.494722729419582], [6000, 20.56908766200725], [6500, 20.54995978728472], [7000, 20.630678610170627]]",2.307746334078205,319551,3.692394134525413e-06,17.267624593188497,0.8056750202178955,0.2242444622516632,0.010862695027080213,0.024947187721508075,0.004352072234030422,0.9995676875930474,0.00829688908178181,0.022767309202835553,0.003248176133779614,0.9998056360256301,0.956996904165091,0.46866749717148726,0.7128322006682891,0.14678329999746817,11595,78994,95.25656461715698,1,0.0,0.0,0.0,2.4776975811201286e-16,1.0,,,,,,,,1585350
stage5_dtu_oracle,scan6__dataset-dtu__init-depth__n_views-3__depth_kind-ssi__depth_lambda-0p0__background-black__downscale-1,dtu,scan6,3,depth,fps,1,black,gt,gt,0.0,0.0,1.0,0.0,0.0,0.0,ssi,0.0,7000,0,0,0.0,0.0,1.0,0.0,0.0,0.0,True,depth,50668,"[25, 22, 28]","[1, 2, 9, 10, 11, 12, 14, 15, 23, 24, 26, 27, 29, 30, 31, 32, 33, 34, 35, 41, 42, 43, 45, 46, 47]",3,25,62.72656798362732,"[[500, 8.78868142065549], [1000, 9.888365303521606], [1500, 10.695136870360992], [2000, 11.260412337481842], [2500, 11.323030170169714], [3000, 11.404858635691834], [3500, 11.01902738047433], [4000, 11.040667930770503], [4500, 11.047639264237334], [5000, 11.07815779268151], [5500, 11.069460609780712], [6000, 11.0644856018843], [6500, 11.06306879613623], [7000, 11.10411876699607]]",1.5928040760982867,204281,2.5484865217574537e-06,12.183496112502917,0.6190926814079285,0.3372084313631058,0.0597198992611295,0.16773341068619596,0.018455192811448074,0.9647307014084358,0.0783439103475651,0.1466220729741637,0.02604154444181441,0.9787043250298103,1.6456738236290072,0.6014129581621219,1.1235433908955645,0.09791690052759025,6106,62359,72.90842723846436,1,0.0,0.0,0.0,1.9985367516698034e-16,1.0,,,,,,,,1638118
stage5_dtu_oracle,scan6__dataset-dtu__init-depth__n_views-3__depth_kind-ssi__depth_lambda-0p1__background-black__downscale-1,dtu,scan6,3,depth,fps,1,black,gt,gt,0.0,0.0,1.0,0.0,0.0,0.0,ssi,0.1,7000,0,0,0.0,0.0,1.0,0.0,0.0,0.0,True,depth,50668,"[25, 22, 28]","[1, 2, 9, 10, 11, 12, 14, 15, 23, 24, 26, 27, 29, 30, 31, 32, 33, 34, 35, 41, 42, 43, 45, 46, 47]",3,25,75.67811226844788,"[[500, 8.695257987306057], [1000, 9.725182540387987], [1500, 9.994247559419534], [2000, 10.40828501560155], [2500, 10.493451115966938], [3000, 10.312556004861808], [3500, 9.86140497869219], [4000, 9.799882890883008], [4500, 9.752883067389048], [5000, 9.736443865594456], [5500, 9.70318161418119], [6000, 9.682565938022098], [6500, 9.67411606509743], [7000, 9.692351082230546]]",1.5928040760982867,204441,2.5484865217574537e-06,11.866358599110706,0.63653195977211,0.3252706551551819,0.022612531195738736,0.07588835586925251,0.0072264363096923665,0.9908398108660268,0.03198034185292444,0.07054048849640467,0.010858243552595992,0.993520813698708,0.9830739977458965,0.5021744380164972,0.7426242178811968,0.09813502728235199,6025,61395,85.75362300872803,1,0.0,0.0,0.0,1.9985367516698034e-16,1.0,,,,,,,,1582044
stage5_dtu_oracle,scan6__dataset-dtu__init-depth__n_views-9__depth_kind-ssi__depth_lambda-0p0__background-black__downscale-1,dtu,scan6,9,depth,fps,1,black,gt,gt,0.0,0.0,1.0,0.0,0.0,0.0,ssi,0.0,7000,0,0,0.0,0.0,1.0,0.0,0.0,0.0,True,depth,151518,"[25, 22, 28, 40, 44, 48, 0, 8, 13]","[1, 2, 9, 10, 11, 12, 14, 15, 23, 24, 26, 27, 29, 30, 31, 32, 33, 34, 35, 41, 42, 43, 45, 46, 47]",9,25,74.61745238304138,"[[500, 13.226010196129875], [1000, 15.981616954034738], [1500, 18.187090515695765], [2000, 18.71425483232596], [2500, 19.27893836830001], [3000, 18.52160914351896], [3500, 18.768016224959094], [4000, 18.72691577660504], [4500, 18.67068767984122], [5000, 18.65002165323545], [5500, 18.662676008325526], [6000, 18.682169330288566], [6500, 18.653076909949124], [7000, 18.641766651763202]]",2.3201167666296003,359086,3.7121868266076327e-06,17.68891904146487,0.825182695388794,0.1945473924279213,0.04759247284344066,0.13363978145282823,0.01537453684647989,0.983840139682959,0.062402386040320314,0.1189968330355692,0.02165931931134519,0.9917777073717338,1.3877404426879567,0.4942375742423853,0.940989008465171,0.10389457444678671,8822,84913,84.78851795196533,1,0.0,0.0,0.0,2.825534924942784e-16,1.0,,,,,,,,1538284
stage5_dtu_oracle,scan6__dataset-dtu__init-depth__n_views-9__depth_kind-ssi__depth_lambda-0p1__background-black__downscale-1,dtu,scan6,9,depth,fps,1,black,gt,gt,0.0,0.0,1.0,0.0,0.0,0.0,ssi,0.1,7000,0,0,0.0,0.0,1.0,0.0,0.0,0.0,True,depth,151518,"[25, 22, 28, 40, 44, 48, 0, 8, 13]","[1, 2, 9, 10, 11, 12, 14, 15, 23, 24, 26, 27, 29, 30, 31, 32, 33, 34, 35, 41, 42, 43, 45, 46, 47]",9,25,89.7984790802002,"[[500, 13.111278963360014], [1000, 16.057220137789407], [1500, 17.05631689750418], [2000, 17.12230659644383], [2500, 17.25965446424788], [3000, 17.179630662430178], [3500, 17.69061187142705], [4000, 17.64944247377932], [4500, 17.55222010028694], [5000, 17.565414819417704], [5500, 17.54922178949658], [6000, 17.60478219762073], [6500, 17.602837595424248], [7000, 17.650853669328527]]",2.3201167666296003,368244,3.7121868266076327e-06,16.49691454262179,0.816040346622467,0.20132088422775268,0.011430018975653307,0.031457358447947545,0.004211621069370955,0.9997290586117074,0.009461284767011094,0.030176694148537617,0.003392278611741806,0.9997378406067451,0.7949444327107779,0.4141998055978927,0.6045721191543353,0.11189668281943325,9860,88117,99.88974499702454,1,0.0,0.0,0.0,2.825534924942784e-16,1.0,,,,,,,,1554785
stage5_dtu_real,scan1__dataset-dtu__init-depth__n_views-3__depth_model-depth_anything_v2__depth_align-sfm__depth_kind-ssi__depth_lambda-0p0__background-black__downscale-1,dtu,scan1,3,depth,fps,1,black,depth_anything_v2,sfm,0.0,0.0,1.0,0.0,0.0,0.0,ssi,0.0,7000,0,0,0.0,0.0,1.0,0.0,0.0,0.0,True,depth,90000,"[25, 22, 28]","[1, 2, 9, 10, 11, 12, 14, 15, 23, 24, 26, 27, 29, 30, 31, 32, 33, 34, 35, 41, 42, 43, 45, 46, 47]",3,25,59.86574149131775,"[[500, 10.245694715479317], [1000, 10.301452763274131], [1500, 10.317249184504481], [2000, 10.328718685602912], [2500, 10.319020232226528], [3000, 10.314881478141611], [3500, 10.476514312892453], [4000, 10.471672282991804], [4500, 10.471570108986773], [5000, 10.464336410669294], [5500, 10.474405039426546], [6000, 10.491564355147347], [6500, 10.520913079453754], [7000, 10.569139475412761]]",1.5843115400008103,181506,2.5348984640015035e-06,12.083149520915008,0.49705780506134034,0.41288129091262815,0.06325047429161845,0.16237076090943517,0.024274225531910183,0.9939396406384698,0.08216806595362171,0.12861997271737216,0.03236470269469493,0.9936230631247887,3.850586153001221,1.3822043932612809,2.6163952731312508,0.40346630179279375,23000,57006,75.90399980545044,1,0.017480272365055158,0.046136146326440114,0.08595266869563621,0.015726549202429444,1.0,,0.00036464155218941504,0.28478363990620537,0,3,80.66666666666667,54,1467812
stage5_dtu_real,scan1__dataset-dtu__init-depth__n_views-3__depth_model-depth_anything_v2__depth_align-sfm__depth_kind-ssi__depth_lambda-0p1__background-black__downscale-1,dtu,scan1,3,depth,fps,1,black,depth_anything_v2,sfm,0.0,0.0,1.0,0.0,0.0,0.0,ssi,0.1,7000,0,0,0.0,0.0,1.0,0.0,0.0,0.0,True,depth,90000,"[25, 22, 28]","[1, 2, 9, 10, 11, 12, 14, 15, 23, 24, 26, 27, 29, 30, 31, 32, 33, 34, 35, 41, 42, 43, 45, 46, 47]",3,25,74.16021871566772,"[[500, 10.209701410855793], [1000, 10.284874229622588], [1500, 10.284587429191314], [2000, 10.299408422007778], [2500, 10.306161251980292], [3000, 10.31866091581523], [3500, 10.431598788527216], [4000, 10.416433737816815], [4500, 10.415759484666566], [5000, 10.41581134742035], [5500, 10.417951609719761], [6000, 10.426999063295819], [6500, 10.432338751676218], [7000, 10.438705861576782]]",1.5843115400008103,184311,2.5348984640015035e-06,12.039755768471077,0.5085883402824402,0.3975959527492523,0.06093345098728407,0.175906492316882,0.022954663954709246,0.9925937422255633,0.08552947588960207,0.13385612410558495,0.03359370432635986,0.9925138062881445,3.899553926476782,1.517433335827267,2.7084936311520247,0.3846014623905017,21250,55252,84.36624312400818,1,0.017480272365055158,0.046136146326440114,0.08595266869563621,0.015726549202429444,1.0,,0.00036464155218941504,0.28478363990620537,3,0,80.66666666666667,54,1559054
stage5_dtu_real,scan1__dataset-dtu__init-depth__n_views-9__depth_model-depth_anything_v2__depth_align-sfm__depth_kind-ssi__depth_lambda-0p0__background-black__downscale-1,dtu,scan1,9,depth,fps,1,black,depth_anything_v2,sfm,0.0,0.0,1.0,0.0,0.0,0.0,ssi,0.0,7000,0,0,0.0,0.0,1.0,0.0,0.0,0.0,True,depth,200000,"[25, 22, 28, 40, 44, 48, 0, 8, 13]","[1, 2, 9, 10, 11, 12, 14, 15, 23, 24, 26, 27, 29, 30, 31, 32, 33, 34, 35, 41, 42, 43, 45, 46, 47]",9,25,69.8446352481842,"[[500, 17.9848249798049], [1000, 18.628609670077893], [1500, 18.827216763917686], [2000, 18.803331002296158], [2500, 18.896683260269576], [3000, 18.931882588283205], [3500, 19.342235526564792], [4000, 19.184638429716088], [4500, 19.146671624746013], [5000, 19.153050277657325], [5500, 19.110877876795698], [6000, 19.114191585815604], [6500, 19.095456672553787], [7000, 19.08587701336929]]",2.307746334078205,302044,3.692394134525413e-06,15.8558429941039,0.739223370552063,0.28236691176891326,0.03633447791739052,0.073386490765867,0.01439602910896978,0.9984400730808839,0.038394532164978935,0.06890254732135176,0.015125087756530204,0.9988991005584518,3.3085896919566835,0.9358392679348708,2.122214479945777,0.3272784906076434,23747,72559,87.17956352233887,1,0.017544832634263416,0.04508293132234262,0.08616023868937085,0.013967767997568289,1.0,,0.00033171528170933143,0.3005880576748556,3,6,308.6666666666667,55,1561815
stage5_dtu_real,scan1__dataset-dtu__init-depth__n_views-9__depth_model-depth_anything_v2__depth_align-sfm__depth_kind-ssi__depth_lambda-0p1__background-black__downscale-1,dtu,scan1,9,depth,fps,1,black,depth_anything_v2,sfm,0.0,0.0,1.0,0.0,0.0,0.0,ssi,0.1,7000,0,0,0.0,0.0,1.0,0.0,0.0,0.0,True,depth,200000,"[25, 22, 28, 40, 44, 48, 0, 8, 13]","[1, 2, 9, 10, 11, 12, 14, 15, 23, 24, 26, 27, 29, 30, 31, 32, 33, 34, 35, 41, 42, 43, 45, 46, 47]",9,25,84.26269197463989,"[[500, 18.368044603826043], [1000, 19.091975150459525], [1500, 19.331693312964525], [2000, 19.28746344888591], [2500, 19.388457316783885], [3000, 19.38496918963356], [3500, 20.0947037487197], [4000, 20.000104447197167], [4500, 20.014851513548223], [5000, 20.096662603632247], [5500, 20.032546647381267], [6000, 20.015699157109744], [6500, 20.021153390981173], [7000, 20.00468200280214]]",2.307746334078205,304734,3.692394134525413e-06,16.748760981779977,0.7671561646461487,0.2517034864425659,0.02143322491068681,0.04605993420038562,0.008370594327194477,0.9994912230271984,0.022316814313896843,0.04433568674306426,0.00869823119587769,0.9995795606173289,2.2620080389311843,0.7920663618599311,1.5270372003955577,0.2904043659490353,20274,69813,94.83273983001709,1,0.017544832634263416,0.04508293132234262,0.08616023868937085,0.013967767997568289,1.0,,0.00033171528170933143,0.3005880576748556,9,0,308.6666666666667,55,1582097
stage5_dtu_real,scan1__dataset-dtu__init-random__n_views-3__depth_model-depth_anything_v2__depth_align-sfm__depth_kind-ssi__depth_lambda-0p1__background-black__downscale-1,dtu,scan1,3,random,fps,1,black,depth_anything_v2,sfm,0.0,0.0,1.0,0.0,0.0,0.0,ssi,0.1,7000,0,0,0.0,0.0,1.0,0.0,0.0,0.0,True,random,100000,"[25, 22, 28]","[1, 2, 9, 10, 11, 12, 14, 15, 23, 24, 26, 27, 29, 30, 31, 32, 33, 34, 35, 41, 42, 43, 45, 46, 47]",3,25,74.46178483963013,"[[500, 9.692488375748134], [1000, 9.656295344896224], [1500, 9.642482693496385], [2000, 9.62833405838469], [2500, 9.63354929053177], [3000, 9.636935357801896], [3500, 9.507761765272477], [4000, 9.480604221830465], [4500, 9.473819259889595], [5000, 9.465429150429642], [5500, 9.46492750440937], [6000, 9.469531558998312], [6500, 9.471527116250385], [7000, 9.47343794586312]]",1.5843115400008103,224736,2.5348984640015035e-06,8.321752253520858,0.17745283126831055,0.7243451929092407,0.6626925289726028,0.7650586774168783,0.2645569884520496,0.40994135075604865,0.15707994025217895,0.20814061934384986,0.06176271401302216,0.9806571900057787,8.579455006195742,2.1790871346939036,5.3792710704448226,0.9526097223353147,46796,49124,85.87890958786011,1,0.017480272365055158,0.046136146326440114,0.08595266869563621,0.015726549202429444,1.0,,0.00036464155218941504,0.28478363990620537,3,0,80.66666666666667,54,546070
stage5_dtu_real,scan1__dataset-dtu__init-random__n_views-9__depth_model-depth_anything_v2__depth_align-sfm__depth_kind-ssi__depth_lambda-0p1__background-black__downscale-1,dtu,scan1,9,random,fps,1,black,depth_anything_v2,sfm,0.0,0.0,1.0,0.0,0.0,0.0,ssi,0.1,7000,0,0,0.0,0.0,1.0,0.0,0.0,0.0,True,random,100000,"[25, 22, 28, 40, 44, 48, 0, 8, 13]","[1, 2, 9, 10, 11, 12, 14, 15, 23, 24, 26, 27, 29, 30, 31, 32, 33, 34, 35, 41, 42, 43, 45, 46, 47]",9,25,75.87521052360535,"[[500, 10.504350934093734], [1000, 8.665500897756939], [1500, 8.046662311538322], [2000, 7.855785956103579], [2500, 7.723095582298397], [3000, 7.574574601126834], [3500, 8.120505790594136], [4000, 8.104708281398374], [4500, 8.089180195323387], [5000, 8.071971851135393], [5500, 8.04808725394922], [6000, 8.034320700683569], [6500, 8.03232294114914], [7000, 8.006757481180024]]",2.307746334078205,365006,3.692394134525413e-06,10.056160012295429,0.4011652970314026,0.6018257999420166,0.6603048749387768,0.8035210911984343,0.2637539625857809,0.46464266805510973,0.15281384000808104,0.2014481141878118,0.06005887832800924,0.9832706245837565,7.9424102145239,1.9003558747268612,4.92138304462538,0.8311141075341312,64103,77129,87.64060068130493,1,0.017544832634263416,0.04508293132234262,0.08616023868937085,0.013967767997568289,1.0,,0.00033171528170933143,0.3005880576748556,9,0,308.6666666666667,55,632596
stage5_dtu_real,scan1__dataset-dtu__init-sfm__n_views-3__depth_model-depth_anything_v2__depth_align-sfm__depth_kind-ssi__depth_lambda-0p1__background-black__downscale-1,dtu,scan1,3,sfm,fps,1,black,depth_anything_v2,sfm,0.0,0.0,1.0,0.0,0.0,0.0,ssi,0.1,7000,0,0,0.0,0.0,1.0,0.0,0.0,0.0,True,sfm,121,"[25, 22, 28]","[1, 2, 9, 10, 11, 12, 14, 15, 23, 24, 26, 27, 29, 30, 31, 32, 33, 34, 35, 41, 42, 43, 45, 46, 47]",3,25,68.776531457901,"[[500, 10.411251918956893], [1000, 12.342255097576938], [1500, 12.370748355860789], [2000, 12.65614275380384], [2500, 12.475974848258673], [3000, 12.545962457549932], [3500, 12.752083566251706], [4000, 12.741317413499743], [4500, 12.740742802160176], [5000, 12.73830682365468], [5500, 12.728514539711345], [6000, 12.72565319005185], [6500, 12.727056160231559], [7000, 12.735306036644262]]",1.5843115400008103,85987,2.5348984640015035e-06,13.019670508284323,0.539044634103775,0.42622849822044373,0.05903908527404114,0.09382938190957368,0.02260672712703281,0.9994352162678711,0.045304593053786736,0.07322421211574857,0.01758453231167965,0.9998158235736508,6.45293140153522,1.2492633735597882,3.851097387547504,0.31526360544217685,8898,28224,79.76911401748657,1,0.017480272365055158,0.046136146326440114,0.08595266869563621,0.015726549202429444,1.0,121,0.00036464155218941504,0.28478363990620537,3,0,80.66666666666667,54,1656443
stage5_dtu_real,scan1__dataset-dtu__init-sfm__n_views-9__depth_model-depth_anything_v2__depth_align-sfm__depth_kind-ssi__depth_lambda-0p1__background-black__downscale-1,dtu,scan1,9,sfm,fps,1,black,depth_anything_v2,sfm,0.0,0.0,1.0,0.0,0.0,0.0,ssi,0.1,7000,0,0,0.0,0.0,1.0,0.0,0.0,0.0,True,sfm,1389,"[25, 22, 28, 40, 44, 48, 0, 8, 13]","[1, 2, 9, 10, 11, 12, 14, 15, 23, 24, 26, 27, 29, 30, 31, 32, 33, 34, 35, 41, 42, 43, 45, 46, 47]",9,25,75.90091609954834,"[[500, 16.36991046096638], [1000, 20.077407471644314], [1500, 21.44485257773461], [2000, 21.69170242572525], [2500, 22.011165075745758], [3000, 22.1018203007586], [3500, 22.221852799010758], [4000, 22.29587526554952], [4500, 22.32356532842198], [5000, 22.36487562835606], [5500, 22.24659780172236], [6000, 22.233915645373912], [6500, 22.16533577324288], [7000, 22.13947893646074]]",2.307746334078205,158296,3.692394134525413e-06,20.7411567460672,0.8217728281021118,0.22132562100887299,0.03066766945840425,0.07005523178636612,0.012156878132877559,0.9979321702477809,0.0298357636213788,0.05809197903000762,0.011610134594442885,0.9988784424418203,2.1298771743010523,0.7507370793670248,1.4403071268340386,0.31400319983214,11972,38127,85.522381067276,1,0.017544832634263416,0.04508293132234262,0.08616023868937085,0.013967767997568289,1.0,1389,0.00033171528170933143,0.3005880576748556,9,0,308.6666666666667,55,1378118
stage5_dtu_real,scan6__dataset-dtu__init-depth__n_views-3__depth_model-depth_anything_v2__depth_align-sfm__depth_kind-ssi__depth_lambda-0p0__background-black__downscale-1,dtu,scan6,3,depth,fps,1,black,depth_anything_v2,sfm,0.0,0.0,1.0,0.0,0.0,0.0,ssi,0.0,7000,0,0,0.0,0.0,1.0,0.0,0.0,0.0,True,depth,90000,"[25, 22, 28]","[1, 2, 9, 10, 11, 12, 14, 15, 23, 24, 26, 27, 29, 30, 31, 32, 33, 34, 35, 41, 42, 43, 45, 46, 47]",3,25,62.19574189186096,"[[500, 10.121635613659622], [1000, 10.199423383802783], [1500, 10.202859757094846], [2000, 10.18959502701482], [2500, 10.172879102103646], [3000, 10.16620177232831], [3500, 10.32719117398034], [4000, 10.31591954793255], [4500, 10.311292212810883], [5000, 10.302167637533914], [5500, 10.31213594987575], [6000, 10.329897136257179], [6500, 10.337225761318134], [7000, 10.361653509719309]]",1.5928040760982867,216167,2.5484865217574537e-06,12.13363868740561,0.49701947093009946,0.4023389971256256,0.07769161017897366,0.17944243554116956,0.026714161839577515,0.9892887251573167,0.09417018206287185,0.14981469986279825,0.034500565835509756,0.9944240316855095,3.8704650773044613,1.8953954778368278,2.8829302775706447,0.3670852713178295,23677,64500,78.33284544944763,1,0.025475761434213724,0.07627527013776451,0.15418159423020053,0.02398704082153669,1.0,,0.0003968416177064934,0.290564799556052,0,3,77.33333333333333,51,1520750
stage5_dtu_real,scan6__dataset-dtu__init-depth__n_views-3__depth_model-depth_anything_v2__depth_align-sfm__depth_kind-ssi__depth_lambda-0p1__background-black__downscale-1,dtu,scan6,3,depth,fps,1,black,depth_anything_v2,sfm,0.0,0.0,1.0,0.0,0.0,0.0,ssi,0.1,7000,0,0,0.0,0.0,1.0,0.0,0.0,0.0,True,depth,90000,"[25, 22, 28]","[1, 2, 9, 10, 11, 12, 14, 15, 23, 24, 26, 27, 29, 30, 31, 32, 33, 34, 35, 41, 42, 43, 45, 46, 47]",3,25,77.33183717727661,"[[500, 10.317130991573269], [1000, 10.40129437620584], [1500, 10.536093421391385], [2000, 10.586172354656883], [2500, 10.626235041375095], [3000, 10.633247168920715], [3500, 10.795181352853325], [4000, 10.789331947430469], [4500, 10.782794084961736], [5000, 10.778559727374823], [5500, 10.779532561728558], [6000, 10.78245318487066], [6500, 10.794595837466769], [7000, 10.821572245212405]]",1.5928040760982867,215717,2.5484865217574537e-06,12.533173590167445,0.5126085877418518,0.3877265298366547,0.07277569672572784,0.16232643785603884,0.02516920229323097,0.9940439563726442,0.08366105282699436,0.13681233402545973,0.03082675954527922,0.995418845592922,4.233932478641622,1.9583562245429518,3.0961443515922866,0.32093647924922486,19356,60311,87.82690215110779,1,0.025475761434213724,0.07627527013776451,0.15418159423020053,0.02398704082153669,1.0,,0.0003968416177064934,0.290564799556052,3,0,77.33333333333333,51,1521589
stage5_dtu_real,scan6__dataset-dtu__init-depth__n_views-9__depth_model-depth_anything_v2__depth_align-sfm__depth_kind-ssi__depth_lambda-0p0__background-black__downscale-1,dtu,scan6,9,depth,fps,1,black,depth_anything_v2,sfm,0.0,0.0,1.0,0.0,0.0,0.0,ssi,0.0,7000,0,0,0.0,0.0,1.0,0.0,0.0,0.0,True,depth,200000,"[25, 22, 28, 40, 44, 48, 0, 8, 13]","[1, 2, 9, 10, 11, 12, 14, 15, 23, 24, 26, 27, 29, 30, 31, 32, 33, 34, 35, 41, 42, 43, 45, 46, 47]",9,25,74.84572386741638,"[[500, 19.305068319353488], [1000, 19.318685516343713], [1500, 19.442619005163554], [2000, 19.366496436460547], [2500, 19.400309369449243], [3000, 19.334762555364666], [3500, 20.136886271317643], [4000, 20.023330744687815], [4500, 19.955715458107964], [5000, 19.87193065653375], [5500, 19.830946930650306], [6000, 19.792505776287115], [6500, 19.805568621573233], [7000, 19.86354078213695]]",2.3201167666296003,367706,3.7121868266076327e-06,16.13171322824803,0.773915696144104,0.23329562366008758,0.045476762240179304,0.10673727415397956,0.015311500815771628,0.9984849113755294,0.05377794089449205,0.09110029049077355,0.01926485608880027,0.9984921180678694,2.01914908489796,0.8806040470138217,1.4498765659558908,0.3339947009932613,27607,82657,91.56186699867249,1,0.018985823979813125,0.052680041660573246,0.10724474455453745,0.020073470594832367,1.0,,0.00045481792075214363,0.27928730177200567,3,6,420.22222222222223,181,1491731
stage5_dtu_real,scan6__dataset-dtu__init-depth__n_views-9__depth_model-depth_anything_v2__depth_align-sfm__depth_kind-ssi__depth_lambda-0p1__background-black__downscale-1,dtu,scan6,9,depth,fps,1,black,depth_anything_v2,sfm,0.0,0.0,1.0,0.0,0.0,0.0,ssi,0.1,7000,0,0,0.0,0.0,1.0,0.0,0.0,0.0,True,depth,200000,"[25, 22, 28, 40, 44, 48, 0, 8, 13]","[1, 2, 9, 10, 11, 12, 14, 15, 23, 24, 26, 27, 29, 30, 31, 32, 33, 34, 35, 41, 42, 43, 45, 46, 47]",9,25,89.96905207633972,"[[500, 19.583405834886243], [1000, 19.75748096593663], [1500, 19.815615603825826], [2000, 19.6658602828867], [2500, 19.711373588311904], [3000, 19.68236369192923], [3500, 20.423055421272977], [4000, 20.28591221193039], [4500, 20.28556165744119], [5000, 20.31731053750785], [5500, 20.297873116703453], [6000, 20.356995109455738], [6500, 20.323938216914037], [7000, 20.35936364597223]]",2.3201167666296003,371813,3.7121868266076327e-06,16.94846579517887,0.7938436818122864,0.2137889474630356,0.04156828636639116,0.09439614695102291,0.014043053918091084,0.9987118601033333,0.04707644518411789,0.07957728122420998,0.01692485608923741,0.9986233061086511,2.4190002763668463,1.0987636571266977,1.758881966746772,0.27155144869189574,21247,78243,101.25850057601929,1,0.018985823979813125,0.052680041660573246,0.10724474455453745,0.020073470594832367,1.0,,0.00045481792075214363,0.27928730177200567,9,0,420.22222222222223,181,1531321
stage5_dtu_real,scan6__dataset-dtu__init-random__n_views-3__depth_model-depth_anything_v2__depth_align-sfm__depth_kind-ssi__depth_lambda-0p1__background-black__downscale-1,dtu,scan6,3,random,fps,1,black,depth_anything_v2,sfm,0.0,0.0,1.0,0.0,0.0,0.0,ssi,0.1,7000,0,0,0.0,0.0,1.0,0.0,0.0,0.0,True,random,100000,"[25, 22, 28]","[1, 2, 9, 10, 11, 12, 14, 15, 23, 24, 26, 27, 29, 30, 31, 32, 33, 34, 35, 41, 42, 43, 45, 46, 47]",3,25,74.99192571640015,"[[500, 10.050673539995122], [1000, 10.007063953953395], [1500, 9.984147322952682], [2000, 9.972010482414147], [2500, 9.952315406698196], [3000, 9.94697672093348], [3500, 9.731721978693773], [4000, 9.654138439653302], [4500, 9.603952500827381], [5000, 9.581706527652472], [5500, 9.561320171953136], [6000, 9.550013735652758], [6500, 9.536888432156408], [7000, 9.520874333534074]]",1.5928040760982867,319365,2.5484865217574537e-06,8.556881328658012,0.1610895448923111,0.7202995705604553,0.7334453962451936,0.8500736159634488,0.2780873377680204,0.41978641193164107,0.19935525157626477,0.26217272656996765,0.07396519819848055,0.9476733060627173,7.914840610612799,1.7916639971558859,4.853252303884343,0.9643885766951268,75339,78121,85.02051210403442,1,0.025475761434213724,0.07627527013776451,0.15418159423020053,0.02398704082153669,1.0,,0.0003968416177064934,0.290564799556052,3,0,77.33333333333333,51,470150
stage5_dtu_real,scan6__dataset-dtu__init-random__n_views-9__depth_model-depth_anything_v2__depth_align-sfm__depth_kind-ssi__depth_lambda-0p1__background-black__downscale-1,dtu,scan6,9,random,fps,1,black,depth_anything_v2,sfm,0.0,0.0,1.0,0.0,0.0,0.0,ssi,0.1,7000,0,0,0.0,0.0,1.0,0.0,0.0,0.0,True,random,100000,"[25, 22, 28, 40, 44, 48, 0, 8, 13]","[1, 2, 9, 10, 11, 12, 14, 15, 23, 24, 26, 27, 29, 30, 31, 32, 33, 34, 35, 41, 42, 43, 45, 46, 47]",9,25,77.77270197868347,"[[500, 10.201444580743908], [1000, 9.546070729069049], [1500, 9.103594398628509], [2000, 8.957947700185898], [2500, 8.875976429567302], [3000, 8.826645578061612], [3500, 8.93242824074306], [4000, 8.890548198505835], [4500, 8.870456087332121], [5000, 8.85778091528282], [5500, 8.836310193161388], [6000, 8.855952579492795], [6500, 8.831517563614122], [7000, 8.824491549027469]]",2.3201167666296003,713376,3.7121868266076327e-06,8.470336708703172,0.18020930975675584,0.7218064665794373,1.0973238468494222,1.199167127369021,0.41540197226090503,0.12816067186850646,0.19099243910712327,0.255829222166312,0.07061481971352843,0.9604573767602953,8.005578566655947,4.0169456568076765,6.011262111731812,0.987221518061717,162007,164104,86.99646520614624,1,0.018985823979813125,0.052680041660573246,0.10724474455453745,0.020073470594832367,1.0,,0.00045481792075214363,0.27928730177200567,9,0,420.22222222222223,181,164980
stage5_dtu_real,scan6__dataset-dtu__init-sfm__n_views-3__depth_model-depth_anything_v2__depth_align-sfm__depth_kind-ssi__depth_lambda-0p1__background-black__downscale-1,dtu,scan6,3,sfm,fps,1,black,depth_anything_v2,sfm,0.0,0.0,1.0,0.0,0.0,0.0,ssi,0.1,7000,0,0,0.0,0.0,1.0,0.0,0.0,0.0,True,sfm,116,"[25, 22, 28]","[1, 2, 9, 10, 11, 12, 14, 15, 23, 24, 26, 27, 29, 30, 31, 32, 33, 34, 35, 41, 42, 43, 45, 46, 47]",3,25,71.26326131820679,"[[500, 10.887308616317906], [1000, 11.993116273443807], [1500, 12.96721493417412], [2000, 13.114900485108441], [2500, 13.014365098933837], [3000, 12.967747211029767], [3500, 13.104676462356267], [4000, 13.023715361261216], [4500, 13.002431159149086], [5000, 12.976156867437773], [5500, 12.953189278845677], [6000, 12.936342820468031], [6500, 12.90558350408798], [7000, 12.8498718312838]]",1.5928040760982867,113511,2.5484865217574537e-06,13.922918202811202,0.4874675416946411,0.4617474091053009,0.09999260592312449,0.165884914702837,0.03542557121441476,0.9820860922920115,0.08735544853581498,0.13348998141250376,0.03166440521278941,0.9950357596364792,6.698820590385996,1.2049394803033264,3.951880035344661,0.27872900442297777,10272,36853,82.22337818145752,1,0.025475761434213724,0.07627527013776451,0.15418159423020053,0.02398704082153669,1.0,116,0.0003968416177064934,0.290564799556052,3,0,77.33333333333333,51,1545977
stage5_dtu_real,scan6__dataset-dtu__init-sfm__n_views-9__depth_model-depth_anything_v2__depth_align-sfm__depth_kind-ssi__depth_lambda-0p1__background-black__downscale-1,dtu,scan6,9,sfm,fps,1,black,depth_anything_v2,sfm,0.0,0.0,1.0,0.0,0.0,0.0,ssi,0.1,7000,0,0,0.0,0.0,1.0,0.0,0.0,0.0,True,sfm,1891,"[25, 22, 28, 40, 44, 48, 0, 8, 13]","[1, 2, 9, 10, 11, 12, 14, 15, 23, 24, 26, 27, 29, 30, 31, 32, 33, 34, 35, 41, 42, 43, 45, 46, 47]",9,25,78.53963971138,"[[500, 17.84046689583065], [1000, 20.792654638312897], [1500, 22.397605710774904], [2000, 22.53625863001817], [2500, 22.70882778807192], [3000, 22.760927859436798], [3500, 23.025311000357362], [4000, 22.91435785532733], [4500, 22.846646446551024], [5000, 22.854946864688245], [5500, 22.74253540749777], [6000, 22.778415167289413], [6500, 22.72895884005215], [7000, 22.713448878432676]]",2.3201167666296003,196897,3.7121868266076327e-06,20.11715103247428,0.8479338359832763,0.16539882898330688,0.03398755835132052,0.07519502241903682,0.011911918808947488,0.9980372286248185,0.03503389245770316,0.06759419834760555,0.01263678608718794,0.9984124447944616,1.927906115670742,0.6891474541459816,1.3085267849083617,0.2225204173703815,9618,43223,88.7916567325592,1,0.018985823979813125,0.052680041660573246,0.10724474455453745,0.020073470594832367,1.0,1891,0.00045481792075214363,0.27928730177200567,9,0,420.22222222222223,181,1421205
